"Date","Price","Open","High","Low","Vol.","Change %"
"10/23/2025","11,611.68","11,599.57","11,614.02","11,549.23","226.17M","0.22%"
"10/22/2025","11,585.90","11,542.22","11,618.28","11,492.03","244.61M","0.35%"
"10/21/2025","11,545.80","11,664.92","11,665.77","11,539.43","232.78M","-0.85%"
"10/20/2025","11,644.55","11,702.55","11,715.56","11,625.04","226.56M","-0.39%"
"10/19/2025","11,690.61","11,697.45","11,740.24","11,679.96","190.83M","-0.05%"
"10/16/2025","11,696.58","11,682.90","11,723.80","11,677.83","306.93M","0.12%"
"10/15/2025","11,682.23","11,603.44","11,682.23","11,601.13","345.57M","0.74%"
"10/14/2025","11,596.00","11,593.05","11,630.36","11,592.30","267.95M","0.04%"
"10/13/2025","11,591.69","11,529.84","11,607.45","11,521.37","282.85M","0.85%"
"10/12/2025","11,494.45","11,371.70","11,538.86","11,320.27","233.24M","-0.77%"
"10/09/2025","11,583.31","11,564.07","11,602.69","11,556.74","254.93M","0.21%"
"10/08/2025","11,559.27","11,581.97","11,607.66","11,543.03","619.40M","-0.21%"
"10/07/2025","11,583.23","11,615.73","11,619.84","11,540.97","305.66M","-0.19%"
"10/06/2025","11,605.20","11,534.51","11,645.14","11,533.71","307.74M","0.66%"
"10/05/2025","11,528.59","11,513.90","11,560.66","11,509.99","248.78M","0.29%"
"10/02/2025","11,495.72","11,540.68","11,557.76","11,480.62","322.14M","-0.29%"
"10/01/2025","11,529.36","11,514.19","11,563.03","11,493.26","356.95M","0.23%"
"09/30/2025","11,502.97","11,439.26","11,555.36","11,425.07","394.00M","0.60%"
"09/29/2025","11,434.18","11,230.43","11,438.05","11,213.66","350.81M","1.82%"
"09/28/2025","11,229.54","11,272.00","11,330.74","11,223.87","255.58M","-0.69%"
"09/25/2025","11,308.11","11,659.56","11,661.23","11,184.71","529.13M","-1.04%"
"09/24/2025","11,426.45","11,045.78","11,450.70","11,000.48","598.31M","5.06%"
"09/22/2025","10,876.42","10,802.27","10,879.03","10,777.73","261.25M","0.63%"
"09/21/2025","10,808.68","10,800.13","10,862.05","10,758.92","272.83M","0.26%"
"09/18/2025","10,780.69","10,667.36","10,780.69","10,629.54","607.40M","1.22%"
"09/17/2025","10,650.39","10,533.50","10,650.39","10,524.57","234.28M","1.25%"
"09/16/2025","10,518.73","10,429.59","10,518.73","10,406.69","242.71M","0.88%"
"09/15/2025","10,427.06","10,426.84","10,445.05","10,366.59","240.14M","-0.07%"
"09/14/2025","10,433.98","10,436.93","10,452.17","10,371.16","153.51M","-0.18%"
"09/11/2025","10,453.06","10,502.62","10,517.60","10,430.96","192.58M","-0.43%"
"09/10/2025","10,498.04","10,519.37","10,519.52","10,456.41","232.14M","-0.30%"
"09/09/2025","10,529.17","10,499.99","10,529.17","10,421.08","253.05M","0.31%"
"09/08/2025","10,497.05","10,593.44","10,608.23","10,486.17","260.53M","-0.91%"
"09/07/2025","10,593.97","10,664.75","10,674.53","10,587.01","126.57M","-0.58%"
"09/04/2025","10,655.61","10,620.39","10,663.92","10,616.62","153.19M","0.34%"
"09/03/2025","10,619.10","10,649.54","10,695.74","10,615.82","168.38M","-0.45%"
"09/02/2025","10,667.44","10,669.70","10,676.51","10,611.95","215.94M","-0.03%"
"09/01/2025","10,670.56","10,699.66","10,709.64","10,644.26","208.27M","-0.25%"
"08/31/2025","10,696.89","10,760.09","10,771.41","10,678.98","236.73M","-0.33%"
"08/28/2025","10,732.31","10,807.97","10,823.70","10,732.31","271.05M","-0.70%"
"08/27/2025","10,808.45","10,882.88","10,883.85","10,808.45","197.81M","-0.61%"
"08/26/2025","10,874.74","10,898.52","10,900.40","10,855.47","380.57M","-0.21%"
"08/25/2025","10,898.04","10,901.00","10,921.50","10,887.92","252.38M","-0.06%"
"08/24/2025","10,904.53","10,910.79","10,966.75","10,904.53","227.68M","0.35%"
"08/21/2025","10,866.83","10,868.41","10,889.57","10,860.17","288.87M","-0.10%"
"08/20/2025","10,878.07","10,855.41","10,910.45","10,844.54","196.58M","-0.03%"
"08/19/2025","10,881.71","10,878.35","10,896.89","10,851.25","256.70M","-0.04%"
"08/18/2025","10,885.58","10,897.08","10,902.52","10,847.07","216.53M","-0.11%"
"08/17/2025","10,897.39","10,831.56","10,898.46","10,831.26","190.65M","0.59%"
"08/14/2025","10,833.59","10,765.37","10,833.59","10,752.43","242.98M","0.65%"
"08/13/2025","10,763.45","10,779.44","10,815.21","10,745.82","233.22M","-0.06%"
"08/12/2025","10,769.66","10,783.28","10,804.45","10,747.92","234.47M","-0.20%"
"08/11/2025","10,791.64","10,886.91","10,887.59","10,791.64","266.74M","-0.99%"
"08/10/2025","10,899.11","10,924.68","10,929.29","10,887.72","234.51M","-0.29%"
"08/07/2025","10,930.30","10,932.41","10,938.56","10,911.86","272.46M","-0.15%"
"08/06/2025","10,946.74","10,922.17","10,949.54","10,909.56","357.67M","0.23%"
"08/05/2025","10,921.85","10,837.97","10,921.85","10,816.12","527.09M","0.76%"
"08/04/2025","10,839.45","10,796.48","10,839.45","10,725.34","447.00M","0.06%"
"08/03/2025","10,833.10","10,890.24","10,890.53","10,772.86","272.78M","-0.80%"
"07/31/2025","10,920.27","10,907.30","10,920.27","10,852.32","417.32M","0.05%"
"07/30/2025","10,914.38","10,818.94","10,914.38","10,779.11","677.61M","0.84%"
"07/29/2025","10,823.91","10,894.36","10,898.61","10,791.22","302.33M","-0.56%"
"07/28/2025","10,885.32","10,943.19","10,977.37","10,885.32","546.78M","-0.65%"
"07/27/2025","10,956.22","10,956.37","10,976.56","10,944.22","447.00M","0.10%"
"07/24/2025","10,945.80","10,996.53","11,013.18","10,921.20","535.59M","-0.35%"
"07/23/2025","10,983.93","10,844.31","10,983.93","10,831.35","564.79M","1.30%"
"07/22/2025","10,843.20","10,990.83","10,995.11","10,838.86","515.70M","-1.26%"
"07/21/2025","10,981.17","10,982.48","11,002.57","10,932.33","355.52M","0.15%"
"07/20/2025","10,964.71","11,020.94","11,085.43","10,958.75","324.41M","-0.38%"
"07/17/2025","11,006.98","11,033.02","11,042.01","10,977.62","255.76M","-0.29%"
"07/16/2025","11,038.74","11,090.01","11,130.87","11,030.82","217.45M","-0.51%"
"07/15/2025","11,095.41","11,200.65","11,209.19","11,068.23","273.45M","-1.05%"
"07/14/2025","11,213.59","11,255.01","11,257.42","11,166.87","238.49M","-0.35%"
"07/13/2025","11,252.90","11,279.13","11,310.16","11,229.80","254.67M","-0.21%"
"07/10/2025","11,276.91","11,271.68","11,306.07","11,256.21","290.62M","-0.01%"
"07/09/2025","11,277.73","11,291.56","11,297.93","11,238.45","347.34M","-0.14%"
"07/08/2025","11,294.07","11,334.89","11,351.90","11,275.79","466.70M","-0.45%"
"07/07/2025","11,345.46","11,320.59","11,370.44","11,299.97","415.21M","0.26%"
"07/06/2025","11,315.73","11,239.31","11,322.60","11,211.82","215.38M","0.63%"
"07/03/2025","11,244.45","11,142.68","11,244.45","11,135.62","310.46M","1.03%"
"07/02/2025","11,129.64","11,129.76","11,159.44","11,095.94","330.32M","0.07%"
"07/01/2025","11,121.60","11,188.26","11,198.88","11,104.69","292.54M","-0.38%"
"06/30/2025","11,163.96","11,204.25","11,227.32","11,163.96","300.74M","-0.35%"
"06/29/2025","11,202.64","11,105.54","11,202.64","11,094.65","250.46M","1.21%"
"06/26/2025","11,068.27","10,977.67","11,068.27","10,937.10","311.03M","0.86%"
"06/25/2025","10,973.98","10,999.50","11,011.49","10,914.80","292.44M","0.09%"
"06/24/2025","10,964.28","10,883.79","10,964.28","10,848.09","435.53M","2.37%"
"06/23/2025","10,710.24","10,587.63","10,712.18","10,587.09","229.46M","1.29%"
"06/22/2025","10,574.27","10,604.52","10,730.86","10,572.64","233.62M","-0.34%"
"06/19/2025","10,610.71","10,582.37","10,633.85","10,529.05","265.57M","0.18%"
"06/18/2025","10,591.13","10,675.71","10,678.74","10,572.48","229.93M","-1.15%"
"06/17/2025","10,713.82","10,859.93","10,876.03","10,713.82","250.80M","-1.41%"
"06/16/2025","10,867.04","10,755.90","10,925.78","10,753.83","260.49M","1.26%"
"06/15/2025","10,731.59","10,429.67","10,784.77","10,429.11","292.23M","-1.01%"
"06/12/2025","10,840.94","10,963.42","10,963.87","10,810.04","256.20M","-1.49%"
"06/11/2025","11,005.02","11,090.38","11,165.09","10,972.11","245.52M","0.00%"
"06/04/2025","11,004.53","10,861.08","11,005.48","10,858.48","183.27M","1.59%"
"06/03/2025","10,832.43","10,874.76","10,882.96","10,832.43","169.97M","-0.16%"
"06/02/2025","10,850.09","10,846.12","10,883.26","10,816.80","174.31M","0.23%"
"06/01/2025","10,825.27","11,005.79","11,009.74","10,792.03","151.08M","-1.50%"
"05/29/2025","10,990.41","11,097.28","11,107.76","10,970.78","338.83M","-0.56%"
"05/28/2025","11,052.76","10,943.50","11,082.57","10,936.84","174.26M","1.17%"
"05/27/2025","10,925.18","11,081.99","11,086.65","10,893.06","209.22M","-1.36%"
"05/26/2025","11,075.96","11,035.34","11,075.96","10,946.94","202.02M","0.69%"
"05/25/2025","10,999.78","11,201.26","11,207.76","10,999.78","144.13M","-1.69%"
"05/22/2025","11,188.74","11,270.28","11,273.65","11,179.16","201.94M","-1.02%"
"05/21/2025","11,303.68","11,421.01","11,449.26","11,303.68","182.19M","-1.18%"
"05/20/2025","11,438.18","11,397.58","11,457.64","11,371.53","196.39M","0.29%"
"05/19/2025","11,405.28","11,433.95","11,445.91","11,370.73","240.13M","-0.29%"
"05/18/2025","11,438.94","11,492.40","11,516.39","11,430.76","158.12M","-0.40%"
"05/15/2025","11,485.05","11,527.22","11,545.52","11,458.38","234.71M","-0.41%"
"05/14/2025","11,532.00","11,529.17","11,551.32","11,486.76","272.06M","0.00%"
"05/13/2025","11,532.27","11,528.37","11,532.27","11,477.71","235.72M","0.38%"
"05/12/2025","11,488.60","11,388.06","11,519.46","11,388.06","315.24M","1.25%"
"05/11/2025","11,346.59","11,401.81","11,426.74","11,334.40","159.36M","-0.15%"
"05/08/2025","11,364.11","11,437.00","11,454.94","11,334.48","199.82M","-0.30%"
"05/07/2025","11,398.74","11,430.17","11,459.78","11,389.05","211.69M","-0.31%"
"05/06/2025","11,434.08","11,429.35","11,480.78","11,396.20","221.64M","0.10%"
"05/05/2025","11,422.95","11,392.23","11,454.02","11,313.80","263.47M","0.10%"
"05/04/2025","11,411.50","11,546.32","11,564.68","11,411.50","193.18M","-1.14%"
"05/01/2025","11,543.67","11,664.17","11,668.19","11,504.18","242.92M","-1.10%"
"04/30/2025","11,671.58","11,749.35","11,765.96","11,653.28","298.35M","-0.64%"
"04/29/2025","11,746.20","11,792.48","11,809.40","11,745.84","333.76M","-0.33%"
"04/28/2025","11,784.63","11,769.96","11,796.17","11,738.30","382.68M","0.24%"
"04/27/2025","11,756.21","11,790.35","11,800.71","11,748.10","297.94M","-0.07%"
"04/24/2025","11,764.39","11,694.05","11,774.72","11,684.14","398.03M","0.71%"
"04/23/2025","11,681.11","11,667.62","11,714.41","11,656.56","294.55M","0.82%"
"04/22/2025","11,586.40","11,554.50","11,606.53","11,523.83","230.20M","0.33%"
"04/21/2025","11,548.66","11,633.71","11,642.16","11,543.17","167.91M","-0.67%"
"04/20/2025","11,626.60","11,574.75","11,636.32","11,574.20","187.03M","0.64%"
"04/17/2025","11,552.98","11,595.23","11,609.96","11,543.28","290.05M","-0.70%"
"04/16/2025","11,634.42","11,606.90","11,637.21","11,559.49","342.02M","0.15%"
"04/15/2025","11,616.81","11,618.78","11,641.59","11,595.01","340.59M","0.17%"
"04/14/2025","11,597.35","11,605.77","11,608.87","11,559.22","399.25M","0.04%"
"04/13/2025","11,592.52","11,565.59","11,616.98","11,558.99","276.82M","0.78%"
"04/10/2025","11,502.54","11,603.81","11,605.09","11,415.39","429.47M","3.66%"
"04/09/2025","11,096.65","11,272.86","11,367.01","11,066.73","353.15M","-1.82%"
"04/08/2025","11,302.76","11,393.87","11,533.11","11,302.76","495.72M","0.97%"
"04/07/2025","11,194.02","10,847.73","11,225.20","10,657.20","587.92M","1.05%"
"04/06/2025","11,077.19","11,277.81","11,348.99","11,077.19","450.17M","-6.78%"
"04/03/2025","11,882.65","11,866.36","12,007.26","11,836.96","280.47M","-1.18%"
"03/27/2025","12,025.05","11,972.79","12,075.11","11,970.15","251.28M","0.46%"
"03/26/2025","11,970.19","11,727.88","11,970.19","11,727.88","290.19M","2.26%"
"03/25/2025","11,706.21","11,790.27","11,798.88","11,706.21","264.23M","-0.61%"
"03/24/2025","11,778.08","11,711.67","11,778.08","11,669.54","174.58M","0.71%"
"03/23/2025","11,694.77","11,753.94","11,782.83","11,694.74","142.48M","-0.56%"
"03/20/2025","11,760.32","11,719.11","11,763.81","11,681.86","229.08M","0.43%"
"03/19/2025","11,709.43","11,784.39","11,787.46","11,665.67","201.55M","-0.70%"
"03/18/2025","11,792.40","11,872.23","11,880.89","11,761.22","261.09M","-0.76%"
"03/17/2025","11,883.04","11,882.62","11,937.46","11,849.83","236.43M","0.25%"
"03/16/2025","11,853.78","11,736.82","11,881.35","11,714.65","213.78M","1.09%"
"03/13/2025","11,725.88","11,706.36","11,757.82","11,684.94","270.51M","0.18%"
"03/12/2025","11,704.93","11,737.30","11,750.21","11,659.30","334.54M","-0.11%"
"03/11/2025","11,717.96","11,671.89","11,728.90","11,535.39","399.47M","-0.24%"
"03/10/2025","11,745.63","11,843.21","11,849.35","11,724.71","259.44M","-0.77%"
"03/09/2025","11,836.52","11,803.62","11,854.14","11,718.01","189.15M","0.22%"
"03/06/2025","11,811.11","11,890.83","11,907.03","11,686.74","256.32M","-0.74%"
"03/05/2025","11,898.86","11,939.97","11,981.76","11,870.66","215.24M","-0.28%"
"03/04/2025","11,931.70","12,092.60","12,111.71","11,920.93","252.51M","-1.58%"
"03/03/2025","12,123.81","12,042.53","12,146.35","12,007.66","257.26M","0.73%"
"03/02/2025","12,035.45","12,124.25","12,149.92","12,006.09","201.37M","-0.63%"
"02/27/2025","12,111.90","12,228.12","12,232.41","12,111.90","303.20M","-0.99%"
"02/26/2025","12,232.65","12,300.91","12,315.84","12,199.92","216.69M","-0.56%"
"02/25/2025","12,301.23","12,313.67","12,321.87","12,208.93","219.52M","-0.15%"
"02/24/2025","12,319.46","12,374.42","12,430.20","12,310.89","255.12M","-0.55%"
"02/20/2025","12,388.15","12,309.32","12,388.15","12,301.62","272.34M","0.57%"
"02/19/2025","12,317.59","12,318.67","12,348.16","12,288.12","236.66M","-0.13%"
"02/18/2025","12,333.67","12,279.94","12,336.62","12,262.92","231.10M","0.55%"
"02/17/2025","12,266.46","12,360.97","12,366.01","12,238.51","219.70M","-0.85%"
"02/16/2025","12,372.07","12,386.49","12,450.62","12,362.71","175.55M","-0.10%"
"02/13/2025","12,385.00","12,371.81","12,392.05","12,351.05","232.18M","-0.01%"
"02/12/2025","12,385.70","12,415.58","12,424.70","12,363.32","292.29M","-0.31%"
"02/11/2025","12,424.32","12,470.01","12,470.18","12,415.72","314.92M","-0.38%"
"02/10/2025","12,471.72","12,451.00","12,481.93","12,443.81","277.27M","0.02%"
"02/09/2025","12,469.14","12,438.81","12,480.65","12,425.90","227.83M","0.29%"
"02/06/2025","12,433.58","12,408.15","12,438.15","12,381.47","290.57M","0.15%"
"02/05/2025","12,414.40","12,419.36","12,452.10","12,403.85","315.56M","-0.16%"
"02/04/2025","12,433.93","12,371.85","12,433.93","12,356.88","369.51M","0.46%"
"02/03/2025","12,377.03","12,395.57","12,395.63","12,315.29","272.19M","-0.26%"
"02/02/2025","12,409.87","12,427.41","12,448.67","12,392.43","237.61M","-0.05%"
"01/30/2025","12,415.49","12,450.28","12,453.35","12,401.27","274.40M","-0.19%"
"01/29/2025","12,439.48","12,479.81","12,536.28","12,384.40","326.59M","0.15%"
"01/28/2025","12,420.64","12,391.18","12,478.15","12,383.92","355.07M","0.39%"
"01/27/2025","12,372.89","12,388.31","12,439.82","12,372.89","455.28M","-0.11%"
"01/26/2025","12,386.16","12,366.74","12,427.35","12,355.28","719.84M","0.26%"
"01/23/2025","12,354.04","12,368.25","12,392.79","12,330.86","252.30M","-0.07%"
"01/22/2025","12,362.39","12,376.38","12,434.54","12,362.39","346.10M","-0.06%"
"01/21/2025","12,369.63","12,393.37","12,402.10","12,341.84","293.39M","-0.08%"
"01/20/2025","12,379.54","12,336.51","12,398.84","12,335.44","278.76M","0.39%"
"01/19/2025","12,331.87","12,264.38","12,346.82","12,259.31","370.54M","0.62%"
"01/16/2025","12,256.06","12,236.52","12,262.80","12,219.49","326.47M","0.36%"
"01/15/2025","12,212.24","12,187.23","12,222.56","12,169.44","331.26M","0.32%"
"01/14/2025","12,172.75","12,123.60","12,172.75","12,109.64","375.84M","0.52%"
"01/13/2025","12,109.94","12,134.58","12,171.07","12,101.45","242.32M","-0.14%"
"01/12/2025","12,126.97","12,118.94","12,143.56","12,108.03","218.65M","0.24%"
"01/09/2025","12,097.75","12,094.05","12,121.42","12,041.35","358.74M","0.07%"
"01/08/2025","12,088.74","12,107.64","12,143.25","12,076.51","535.56M","-0.20%"
"01/07/2025","12,113.29","12,112.12","12,161.91","12,091.86","384.44M","0.07%"
"01/06/2025","12,104.69","12,076.44","12,129.02","12,069.49","401.48M","0.29%"
"01/05/2025","12,069.82","12,101.88","12,106.05","12,048.19","254.92M","-0.27%"
"01/02/2025","12,102.55","12,087.94","12,120.49","12,069.71","287.05M","0.21%"
"01/01/2025","12,077.31","12,053.18","12,083.08","12,042.15","240.08M","0.34%"
"12/31/2024","12,036.50","12,031.30","12,082.05","12,016.30","335.18M","0.30%"
"12/30/2024","12,000.92","11,896.83","12,015.16","11,896.83","392.73M","0.91%"
"12/29/2024","11,892.75","11,859.28","11,909.77","11,843.97","339.26M","0.28%"
"12/26/2024","11,859.47","11,893.84","11,913.72","11,859.47","457.45M","-0.28%"
"12/25/2024","11,892.32","11,919.91","11,934.79","11,882.57","949.97M","-0.18%"
"12/24/2024","11,913.95","11,956.26","11,974.87","11,907.46","744.85M","-0.29%"
"12/23/2024","11,948.79","11,858.72","11,948.79","11,835.98","194.54M","0.84%"
"12/22/2024","11,849.37","11,898.73","11,980.03","11,848.12","171.30M","-0.36%"
"12/19/2024","11,892.44","11,889.69","11,918.56","11,835.15","476.75M","-0.57%"
"12/18/2024","11,961.05","11,951.51","11,972.05","11,896.59","358.55M","0.10%"
"12/17/2024","11,948.72","12,094.12","12,094.24","11,948.72","245.54M","-1.22%"
"12/16/2024","12,096.73","12,048.74","12,096.73","12,046.31","320.25M","0.31%"
"12/15/2024","12,059.53","12,108.98","12,146.34","12,059.03","443.08M","-0.33%"
"12/12/2024","12,099.33","12,169.97","12,211.17","12,099.33","373.92M","-0.41%"
"12/11/2024","12,149.19","12,215.13","12,219.15","12,149.19","620.16M","-0.36%"
"12/10/2024","12,193.64","12,108.67","12,202.31","12,106.86","572.99M","0.80%"
"12/09/2024","12,097.40","11,986.99","12,107.83","11,966.28","586.26M","1.19%"
"12/08/2024","11,955.24","11,938.99","11,998.62","11,933.79","870.83M","0.20%"
"12/05/2024","11,931.85","11,892.82","11,935.96","11,882.35","410.31M","0.38%"
"12/04/2024","11,886.86","11,825.59","11,886.86","11,775.12","334.52M","0.60%"
"12/03/2024","11,815.93","11,734.58","11,815.93","11,725.44","365.39M","0.65%"
"12/02/2024","11,739.35","11,748.48","11,753.99","11,681.55","351.57M","-0.02%"
"12/01/2024","11,741.74","11,681.41","11,757.72","11,671.73","313.35M","0.86%"
"11/28/2024","11,641.31","11,615.83","11,657.28","11,589.30","376.94M","0.44%"
"11/27/2024","11,590.79","11,742.51","11,782.26","11,590.79","648.89M","-1.24%"
"11/26/2024","11,736.07","11,797.79","11,812.46","11,723.31","362.75M","-0.44%"
"11/25/2024","11,787.72","11,865.65","11,870.52","11,787.72","637.82M","-0.65%"
"11/24/2024","11,864.90","11,860.98","11,926.87","11,851.25","593.83M","0.21%"
"11/21/2024","11,840.52","11,864.56","11,875.03","11,817.84","691.44M","-0.23%"
"11/20/2024","11,867.92","11,884.60","11,918.22","11,843.11","421.81M","-0.07%"
"11/19/2024","11,875.91","11,846.74","11,906.61","11,830.76","635.97M","0.38%"
"11/18/2024","11,830.38","11,826.71","11,850.34","11,770.55","445.48M","0.16%"
"11/17/2024","11,811.98","11,754.27","11,854.26","11,747.52","516.84M","0.18%"
"11/14/2024","11,791.18","11,915.52","11,941.89","11,791.18","504.40M","-1.17%"
"11/13/2024","11,930.45","12,032.10","12,041.18","11,923.45","365.70M","-0.97%"
"11/12/2024","12,047.67","12,104.52","12,143.44","12,047.67","478.29M","-0.49%"
"11/11/2024","12,106.41","12,107.46","12,162.28","12,063.05","938.85M","0.03%"
"11/10/2024","12,103.16","12,132.28","12,175.69","12,071.81","525.60M","-0.23%"
"11/07/2024","12,130.83","12,126.67","12,158.65","12,115.93","1.23B","0.31%"
"11/06/2024","12,093.35","12,054.41","12,161.37","12,044.37","981.17M","0.65%"
"11/05/2024","12,014.94","12,028.14","12,055.58","11,943.11","984.95M","-0.20%"
"11/04/2024","12,039.31","12,058.17","12,059.34","11,960.05","647.06M","-0.07%"
"11/03/2024","12,048.26","12,045.34","12,076.85","12,038.88","458.94M","0.22%"
"10/31/2024","12,022.11","12,024.18","12,066.43","12,003.56","555.83M","0.03%"
"10/30/2024","12,018.81","12,059.82","12,075.66","12,010.28","571.99M","-0.36%"
"10/29/2024","12,062.09","12,069.39","12,095.01","12,010.38","1.25B","0.07%"
"10/28/2024","12,053.15","12,096.17","12,113.90","12,053.15","584.88M","-0.13%"
"10/27/2024","12,068.97","12,002.15","12,123.23","11,997.05","916.99M","1.54%"
"10/24/2024","11,886.06","11,885.25","11,904.47","11,839.84","768.01M","-0.13%"
"10/23/2024","11,901.77","11,953.21","11,953.21","11,856.45","1.38B","-0.46%"
"10/22/2024","11,956.99","12,019.68","12,023.01","11,941.87","504.08M","-0.43%"
"10/21/2024","12,008.31","11,895.56","12,018.27","11,895.22","1.19B","1.06%"
"10/20/2024","11,882.93","11,918.69","11,932.92","11,845.81","297.63M","-0.21%"
"10/17/2024","11,907.43","12,043.37","12,076.43","11,907.43","622.27M","-1.09%"
"10/16/2024","12,038.67","11,996.35","12,044.48","11,987.63","1.60B","0.31%"
"10/15/2024","12,001.63","11,974.26","12,014.00","11,935.57","422.10M","0.35%"
"10/14/2024","11,959.67","12,066.53","12,069.90","11,938.19","437.41M","-0.91%"
"10/13/2024","12,069.21","12,014.01","12,094.11","12,014.01","690.57M","0.63%"
"10/10/2024","11,994.22","11,930.58","12,017.53","11,911.56","546.94M","0.56%"
"10/09/2024","11,927.33","12,042.54","12,052.27","11,913.46","628.22M","-0.83%"
"10/08/2024","12,027.17","11,931.60","12,047.85","11,910.94","969.40M","0.95%"
"10/07/2024","11,913.62","11,789.56","11,961.58","11,774.82","699.12M","1.23%"
"10/06/2024","11,769.04","11,976.12","12,004.19","11,762.82","823.48M","-1.58%"
"10/03/2024","11,957.54","12,051.30","12,100.06","11,927.71","856.53M","-0.72%"
"10/02/2024","12,044.07","12,145.83","12,179.75","12,019.15","1.07B","-1.71%"
"10/01/2024","12,253.54","12,222.18","12,279.94","12,216.96","705.65M","0.22%"
"09/30/2024","12,226.10","12,293.30","12,311.15","12,214.55","1.06B","-0.37%"
"09/29/2024","12,271.77","12,353.18","12,358.27","12,263.12","503.64M","-0.83%"
"09/26/2024","12,374.30","12,329.42","12,390.54","12,310.73","573.74M","0.25%"
"09/25/2024","12,343.72","12,269.23","12,343.72","12,244.15","299.90M","0.61%"
"09/24/2024","12,268.42","12,141.22","12,268.42","12,135.36","417.98M","1.14%"
"09/22/2024","12,129.62","12,105.12","12,138.77","12,084.62","233.19M","0.41%"
"09/19/2024","12,080.47","11,968.78","12,080.47","11,938.08","361.60M","1.34%"
"09/18/2024","11,920.94","11,865.34","11,938.56","11,837.93","365.59M","0.30%"
"09/17/2024","11,885.66","11,867.89","11,891.41","11,845.39","432.50M","0.15%"
"09/16/2024","11,867.37","11,910.17","11,918.78","11,844.13","538.99M","-0.28%"
"09/15/2024","11,900.30","11,876.23","11,911.97","11,869.62","257.16M","0.49%"
"09/12/2024","11,842.55","11,838.10","11,885.45","11,800.98","631.85M","0.65%"
"09/11/2024","11,766.40","11,949.78","11,956.60","11,766.40","311.32M","-1.84%"
"09/10/2024","11,986.60","11,994.12","12,019.53","11,919.26","368.80M","0.20%"
"09/09/2024","11,962.90","11,980.89","12,014.97","11,947.09","618.35M","-0.16%"
"09/08/2024","11,982.30","12,035.76","12,039.29","11,943.60","401.06M","-0.97%"
"09/05/2024","12,099.49","12,127.26","12,136.11","12,087.76","604.30M","-0.24%"
"09/04/2024","12,128.14","12,072.70","12,139.85","11,976.38","446.70M","-0.43%"
"09/03/2024","12,180.37","12,172.18","12,203.03","12,145.23","450.93M","0.11%"
"09/02/2024","12,167.47","12,202.44","12,226.99","12,139.82","325.71M","-0.18%"
"09/01/2024","12,189.40","12,162.65","12,193.61","12,151.27","227.06M","0.36%"
"08/29/2024","12,145.15","12,122.98","12,145.15","12,066.68","417.48M","0.23%"
"08/28/2024","12,117.15","12,178.74","12,209.37","12,086.68","248.08M","-0.53%"
"08/27/2024","12,182.20","12,266.38","12,266.82","12,179.07","322.35M","-0.64%"
"08/26/2024","12,261.18","12,302.03","12,329.95","12,226.06","351.77M","-0.01%"
"08/25/2024","12,262.64","12,260.51","12,320.11","12,245.48","297.92M","0.56%"
"08/22/2024","12,194.43","12,194.16","12,220.51","12,141.89","325.31M","0.06%"
"08/21/2024","12,187.44","12,092.70","12,202.31","12,070.72","404.02M","0.69%"
"08/20/2024","12,103.82","12,035.46","12,114.06","11,997.63","349.49M","0.67%"
"08/19/2024","12,023.03","11,988.91","12,023.03","11,965.35","346.19M","0.35%"
"08/18/2024","11,981.40","11,919.27","11,989.42","11,919.27","249.56M","0.56%"
"08/15/2024","11,915.02","11,873.97","11,936.82","11,872.42","300.01M","0.55%"
"08/14/2024","11,849.65","11,809.89","11,873.44","11,793.99","260.35M","0.45%"
"08/13/2024","11,796.84","11,753.22","11,798.11","11,712.97","209.70M","0.48%"
"08/12/2024","11,740.66","11,768.81","11,794.21","11,721.45","251.89M","-0.26%"
"08/11/2024","11,771.69","11,735.18","11,798.09","11,727.23","240.63M","0.90%"
"08/08/2024","11,667.12","11,736.26","11,749.00","11,632.68","283.52M","-0.53%"
"08/07/2024","11,729.71","11,754.30","11,791.63","11,696.94","311.03M","0.43%"
"08/06/2024","11,679.16","11,543.05","11,752.03","11,543.05","404.09M","1.52%"
"08/05/2024","11,504.46","11,620.87","11,648.84","11,318.09","453.72M","-2.13%"
"08/04/2024","11,754.37","11,803.94","11,867.83","11,722.16","334.15M","-2.42%"
"08/01/2024","12,045.78","12,102.61","12,123.69","11,992.63","235.06M","-0.53%"
"07/31/2024","12,109.52","12,065.23","12,109.52","12,004.48","352.46M","0.37%"
"07/30/2024","12,064.65","12,114.49","12,127.02","12,045.59","279.22M","-0.47%"
"07/29/2024","12,121.40","12,181.88","12,205.27","12,113.48","303.05M","-0.44%"
"07/28/2024","12,175.43","12,047.24","12,178.52","12,047.24","285.35M","1.24%"
"07/25/2024","12,026.21","12,093.19","12,094.52","12,007.73","277.96M","-0.62%"
"07/24/2024","12,101.21","12,090.79","12,123.90","12,047.92","259.51M","-0.04%"
"07/23/2024","12,105.54","12,167.59","12,172.47","12,095.14","296.33M","-0.57%"
"07/22/2024","12,174.76","12,194.25","12,234.56","12,163.43","439.53M","-0.23%"
"07/21/2024","12,202.93","12,170.41","12,202.93","12,136.47","345.02M","0.12%"
"07/18/2024","12,188.32","12,158.52","12,188.32","12,117.22","387.14M","0.25%"
"07/17/2024","12,157.61","12,090.22","12,177.53","12,084.48","239.76M","0.64%"
"07/16/2024","12,080.37","11,958.17","12,080.37","11,950.71","230.58M","1.11%"
"07/15/2024","11,947.70","11,896.61","11,947.70","11,831.66","243.23M","0.56%"
"07/14/2024","11,881.55","11,800.03","11,891.35","11,796.93","215.16M","0.76%"
"07/11/2024","11,792.41","11,767.88","11,814.01","11,744.75","219.35M","0.07%"
"07/10/2024","11,784.09","11,778.33","11,805.04","11,747.34","211.32M","0.04%"
"07/09/2024","11,779.83","11,711.16","11,779.83","11,707.09","209.78M","0.53%"
"07/08/2024","11,718.17","11,680.43","11,724.29","11,629.62","212.69M","0.25%"
"07/07/2024","11,688.61","11,672.19","11,716.77","11,645.13","195.30M","0.26%"
"07/04/2024","11,658.66","11,601.94","11,658.66","11,567.16","186.45M","0.55%"
"07/03/2024","11,595.20","11,626.04","11,626.04","11,557.66","225.55M","-0.09%"
"07/02/2024","11,606.09","11,661.30","11,682.14","11,606.09","315.31M","-0.45%"
"07/01/2024","11,658.53","11,697.91","11,763.98","11,616.22","273.68M","-0.18%"
"06/30/2024","11,679.50","11,738.60","11,758.67","11,679.50","229.59M","-0.43%"
"06/27/2024","11,729.62","11,678.04","11,763.01","11,677.09","300.03M","0.63%"
"06/26/2024","11,656.35","11,732.73","11,733.85","11,652.51","287.59M","-0.63%"
"06/25/2024","11,730.77","11,670.10","11,750.44","11,659.72","261.16M","0.29%"
"06/24/2024","11,697.04","11,724.41","11,821.35","11,639.29","292.44M","-0.28%"
"06/23/2024","11,729.97","11,646.10","11,741.05","11,633.33","205.74M","2.01%"
"06/13/2024","11,498.93","11,674.05","11,691.19","11,498.93","403.33M","-1.31%"
"06/12/2024","11,651.81","11,777.96","11,799.66","11,651.81","529.06M","-1.05%"
"06/11/2024","11,775.47","11,839.93","11,907.34","11,768.95","494.34M","-0.66%"
"06/10/2024","11,853.82","11,889.96","11,954.20","11,835.18","370.65M","-0.01%"
"06/09/2024","11,855.11","11,569.40","11,899.05","11,556.15","1.96B","2.55%"
"06/06/2024","11,560.39","11,564.07","11,655.43","11,525.78","249.36M","0.06%"
"06/05/2024","11,553.16","11,650.54","11,655.07","11,467.87","285.28M","-0.51%"
"06/04/2024","11,612.03","11,809.43","11,812.37","11,612.03","306.64M","-1.66%"
"06/03/2024","11,808.25","11,682.16","11,831.21","11,655.84","388.98M","1.58%"
"06/02/2024","11,625.10","11,556.51","11,625.10","11,443.55","223.92M","1.06%"
"05/30/2024","11,503.49","11,697.23","11,703.48","11,503.49","416.05M","-1.65%"
"05/29/2024","11,696.51","11,674.82","11,735.38","11,594.35","246.48M","0.31%"
"05/28/2024","11,659.94","11,852.52","11,863.35","11,659.94","208.46M","-1.45%"
"05/27/2024","11,831.22","11,890.96","11,903.97","11,769.38","214.78M","-0.16%"
"05/26/2024","11,850.64","11,998.05","12,017.71","11,831.52","164.90M","-1.21%"
"05/23/2024","11,995.99","12,152.61","12,156.20","11,994.82","221.72M","-1.32%"
"05/22/2024","12,157.03","12,116.64","12,157.03","12,066.02","214.94M","0.29%"
"05/21/2024","12,122.48","12,119.04","12,145.45","12,085.34","191.55M","-0.02%"
"05/20/2024","12,125.36","12,154.65","12,179.43","12,059.17","207.32M","-0.60%"
"05/19/2024","12,198.38","12,195.46","12,222.63","12,105.92","200.18M","0.00%"
"05/16/2024","12,198.44","12,146.10","12,222.78","12,124.50","263.80M","0.79%"
"05/15/2024","12,103.20","12,114.53","12,176.99","12,089.01","246.75M","-0.15%"
"05/14/2024","12,120.91","12,263.47","12,286.69","12,097.31","285.17M","-1.13%"
"05/13/2024","12,259.60","12,207.78","12,280.92","12,146.66","269.61M","0.35%"
"05/12/2024","12,217.05","12,278.23","12,284.03","12,192.82","231.14M","-0.55%"
"05/09/2024","12,284.41","12,464.26","12,467.88","12,284.41","295.86M","-1.41%"
"05/08/2024","12,460.11","12,363.10","12,460.11","12,358.72","297.61M","0.83%"
"05/07/2024","12,357.99","12,386.68","12,391.43","12,306.80","315.16M","-0.12%"
"05/06/2024","12,372.50","12,386.02","12,432.11","12,334.09","261.98M","0.00%"
"05/05/2024","12,373.11","12,386.96","12,439.68","12,352.37","210.63M","0.17%"
"05/02/2024","12,352.33","12,350.80","12,380.08","12,331.44","254.59M","0.05%"
"05/01/2024","12,345.65","12,374.39","12,411.67","12,316.02","258.80M","-0.40%"
"04/30/2024","12,394.91","12,401.15","12,403.88","12,307.92","277.94M","0.21%"
"04/29/2024","12,369.46","12,273.70","12,394.23","12,251.77","316.45M","1.13%"
"04/28/2024","12,231.54","12,263.16","12,285.35","12,185.13","189.22M","-0.19%"
"04/25/2024","12,254.53","12,389.14","12,433.70","12,238.40","271.28M","-0.82%"
"04/24/2024","12,355.69","12,506.72","12,548.95","12,302.84","388.76M","-1.03%"
"04/23/2024","12,484.41","12,535.43","12,625.29","12,454.49","409.66M","-0.20%"
"04/22/2024","12,508.93","12,544.57","12,574.80","12,469.49","518.79M","-0.07%"
"04/21/2024","12,518.22","12,565.16","12,583.65","12,489.35","316.89M","0.13%"
"04/18/2024","12,502.35","12,481.58","12,540.09","12,450.26","311.28M","0.29%"
"04/17/2024","12,465.98","12,518.01","12,544.11","12,346.13","367.27M","-0.28%"
"04/16/2024","12,500.43","12,721.87","12,734.40","12,495.68","371.83M","-1.64%"
"04/15/2024","12,708.34","12,665.89","12,812.13","12,640.44","346.58M","0.33%"
"04/14/2024","12,666.90","12,465.72","12,727.52","12,458.98","243.17M","-0.30%"
"04/04/2024","12,705.42","12,664.01","12,725.72","12,609.92","271.12M","0.66%"
"04/03/2024","12,622.22","12,498.47","12,633.48","12,483.74","279.12M","1.17%"
"04/02/2024","12,476.59","12,406.60","12,476.59","12,379.56","274.68M","0.43%"
"04/01/2024","12,423.01","12,389.58","12,526.10","12,373.39","246.76M","0.17%"
"03/31/2024","12,401.56","12,552.21","12,564.89","12,378.12","339.62M","-1.31%"
"03/28/2024","12,565.89","12,682.96","12,717.02","12,507.30","424.24M","-0.33%"
"03/27/2024","12,607.98","12,590.22","12,635.52","12,551.51","294.08M","0.18%"
"03/26/2024","12,585.54","12,660.02","12,733.69","12,583.88","349.45M","-0.56%"
"03/25/2024","12,656.94","12,727.52","12,776.96","12,656.94","334.68M","-1.09%"
"03/24/2024","12,796.09","12,869.09","12,883.29","12,779.07","340.48M","-0.31%"
"03/21/2024","12,835.65","12,773.26","12,879.90","12,772.97","371.48M","0.76%"
"03/20/2024","12,739.33","12,815.37","12,830.28","12,736.33","353.33M","-0.51%"
"03/19/2024","12,804.00","12,774.45","12,823.30","12,735.99","456.18M","0.25%"
"03/18/2024","12,772.46","12,783.22","12,808.15","12,656.93","672.04M","0.08%"
"03/17/2024","12,762.43","12,744.29","12,799.02","12,722.37","379.82M","0.27%"
"03/14/2024","12,728.53","12,724.16","12,788.21","12,677.29","469.38M","0.04%"
"03/13/2024","12,723.15","12,631.67","12,752.24","12,628.52","425.42M","0.87%"
"03/12/2024","12,613.94","12,571.37","12,627.14","12,553.28","356.15M","0.46%"
"03/11/2024","12,555.72","12,631.12","12,631.94","12,505.61","419.22M","-0.50%"
"03/10/2024","12,618.62","12,617.47","12,653.98","12,599.56","312.33M","0.32%"
"03/07/2024","12,577.88","12,569.77","12,638.55","12,532.38","439.82M","0.13%"
"03/06/2024","12,561.90","12,474.13","12,574.25","12,434.26","343.89M","0.74%"
"03/05/2024","12,470.15","12,436.47","12,488.50","12,399.46","386.64M","0.29%"
"03/04/2024","12,434.59","12,568.35","12,606.06","12,426.73","403.11M","-0.96%"
"03/03/2024","12,555.20","12,630.40","12,645.45","12,545.64","346.82M","-0.60%"
"02/29/2024","12,630.86","12,615.06","12,654.38","12,607.87","549.48M","0.15%"
"02/28/2024","12,611.42","12,594.44","12,612.49","12,572.10","490.03M","0.08%"
"02/27/2024","12,601.55","12,526.36","12,622.89","12,503.69","462.24M","0.56%"
"02/26/2024","12,531.76","12,597.21","12,668.91","12,531.76","468.77M","-0.58%"
"02/25/2024","12,604.59","12,641.04","12,661.87","12,591.61","385.40M","-0.24%"
"02/21/2024","12,634.33","12,612.66","12,660.48","12,582.24","301.11M","0.22%"
"02/20/2024","12,606.50","12,611.58","12,619.94","12,533.55","364.94M","0.09%"
"02/19/2024","12,594.57","12,502.62","12,594.57","12,455.65","422.62M","0.74%"
"02/18/2024","12,502.00","12,494.91","12,534.05","12,483.65","386.40M","0.14%"
"02/15/2024","12,484.59","12,447.09","12,516.64","12,438.70","456.14M","0.37%"
"02/14/2024","12,438.77","12,351.03","12,451.84","12,312.29","335.40M","0.28%"
"02/13/2024","12,404.59","12,299.85","12,413.11","12,299.85","388.47M","0.88%"
"02/12/2024","12,295.91","12,209.17","12,295.91","12,195.25","377.99M","0.71%"
"02/11/2024","12,209.06","12,223.96","12,272.34","12,179.23","274.20M","0.05%"
"02/08/2024","12,202.78","12,174.95","12,274.62","12,149.81","345.73M","0.30%"
"02/07/2024","12,165.93","12,031.58","12,165.93","12,026.47","306.74M","0.78%"
"02/06/2024","12,071.41","12,035.49","12,071.41","11,943.34","320.85M","0.39%"
"02/05/2024","12,024.91","12,012.90","12,071.92","11,963.15","294.83M","0.52%"
"02/04/2024","11,962.72","11,913.72","11,962.72","11,898.59","237.87M","0.41%"
"02/01/2024","11,914.29","11,786.64","11,928.48","11,770.90","362.52M","1.00%"
"01/31/2024","11,796.63","11,938.34","12,033.66","11,796.63","282.47M","-1.58%"
"01/30/2024","11,985.97","12,261.99","12,279.76","11,951.44","355.88M","-2.18%"
"01/29/2024","12,252.81","12,281.91","12,313.28","12,235.11","286.62M","-0.09%"
"01/28/2024","12,264.17","12,182.20","12,283.25","12,180.00","261.17M","0.84%"
"01/25/2024","12,161.56","12,174.48","12,195.73","12,140.58","318.99M","-0.10%"
"01/24/2024","12,174.18","12,114.84","12,198.80","12,099.11","241.43M","0.57%"
"01/23/2024","12,105.33","12,137.25","12,164.95","12,066.04","307.02M","-0.04%"
"01/22/2024","12,110.32","12,054.66","12,127.98","12,037.81","337.48M","0.89%"
"01/21/2024","12,003.66","12,010.14","12,061.09","11,984.84","278.19M","0.37%"
"01/18/2024","11,959.07","12,063.36","12,095.66","11,869.24","399.12M","-0.86%"
"01/17/2024","12,063.00","12,093.86","12,125.77","12,048.49","365.74M","-0.12%"
"01/16/2024","12,077.58","12,126.40","12,139.01","12,054.63","365.43M","-0.37%"
"01/15/2024","12,122.11","12,066.06","12,158.20","12,057.74","311.91M","0.51%"
"01/14/2024","12,060.03","12,073.54","12,087.73","12,017.94","336.01M","-0.46%"
"01/11/2024","12,116.09","12,166.73","12,213.62","12,116.09","414.83M","-0.17%"
"01/10/2024","12,136.90","12,214.36","12,239.59","12,136.90","427.84M","-0.50%"
"01/09/2024","12,197.61","12,258.72","12,299.93","12,197.61","433.90M","-0.44%"
"01/08/2024","12,252.06","12,291.06","12,344.38","12,231.73","402.90M","-0.27%"
"01/07/2024","12,285.07","12,201.20","12,323.79","12,189.13","378.52M","1.15%"
"01/04/2024","12,145.45","11,863.01","12,145.45","11,821.26","464.99M","1.82%"
"01/03/2024","11,928.89","12,091.54","12,137.68","11,928.89","604.14M","-1.60%"
"01/02/2024","12,123.08","12,049.66","12,123.08","12,011.36","366.62M","0.71%"
"01/01/2024","12,037.04","12,003.36","12,051.95","12,001.99","248.89M","0.58%"
"12/31/2023","11,967.39","11,941.79","11,982.06","11,934.45","205.20M","0.30%"
"12/28/2023","11,931.92","11,896.55","11,931.92","11,865.70","244.14M","0.36%"
"12/27/2023","11,889.35","11,904.18","11,944.10","11,830.14","280.67M","0.14%"
"12/26/2023","11,872.63","11,827.70","11,914.06","11,824.57","241.60M","0.50%"
"12/25/2023","11,813.09","11,696.21","11,816.41","11,695.19","199.22M","1.05%"
"12/24/2023","11,690.65","11,636.70","11,696.26","11,632.47","173.25M","0.59%"
"12/21/2023","11,621.93","11,660.13","11,667.81","11,593.98","200.99M","-0.69%"
"12/20/2023","11,702.90","11,725.36","11,725.47","11,673.91","228.97M","-0.09%"
"12/19/2023","11,713.46","11,654.00","11,713.46","11,642.36","234.55M","0.32%"
"12/18/2023","11,676.34","11,596.41","11,683.84","11,543.75","260.54M","0.65%"
"12/17/2023","11,600.72","11,579.37","11,637.08","11,572.21","194.52M","0.50%"
"12/14/2023","11,542.93","11,439.31","11,554.08","11,435.22","308.51M","1.24%"
"12/13/2023","11,401.47","11,398.69","11,414.47","11,349.37","203.19M","0.06%"
"12/12/2023","11,395.00","11,386.50","11,423.16","11,346.59","252.13M","0.12%"
"12/11/2023","11,380.95","11,302.48","11,396.87","11,274.42","258.64M","0.75%"
"12/10/2023","11,296.72","11,223.44","11,307.38","11,216.99","227.44M","0.64%"
"12/07/2023","11,225.35","11,162.29","11,229.15","11,145.33","242.80M","0.46%"
"12/06/2023","11,174.02","11,146.87","11,198.87","11,138.07","243.74M","0.27%"
"12/05/2023","11,143.83","11,199.22","11,213.12","11,118.94","235.92M","-0.42%"
"12/04/2023","11,191.39","11,225.43","11,242.60","11,191.39","234.76M","-0.25%"
"12/03/2023","11,219.02","11,178.19","11,226.84","11,162.38","218.12M","0.37%"
"11/30/2023","11,177.48","11,092.68","11,177.48","11,061.78","295.68M","0.67%"
"11/29/2023","11,103.05","11,140.39","11,145.98","11,072.40","301.13M","0.02%"
"11/28/2023","11,100.92","11,087.22","11,112.94","11,063.63","207.22M","0.18%"
"11/27/2023","11,080.74","11,079.90","11,105.52","11,049.73","226.32M","-0.09%"
"11/26/2023","11,090.42","11,078.04","11,103.39","11,069.21","225.14M","0.11%"
"11/23/2023","11,078.08","11,093.24","11,116.45","11,050.19","167.88M","-0.20%"
"11/22/2023","11,099.98","11,125.70","11,131.65","11,067.75","200.52M","-0.26%"
"11/21/2023","11,129.10","11,119.19","11,149.34","11,090.07","266.12M","0.09%"
"11/20/2023","11,118.94","11,111.68","11,126.08","11,084.69","275.28M","-0.16%"
"11/19/2023","11,137.03","11,095.02","11,145.53","11,091.82","264.72M","0.50%"
"11/16/2023","11,081.97","11,014.91","11,081.97","11,001.78","247.17M","0.54%"
"11/15/2023","11,022.89","10,904.16","11,022.89","10,902.32","242.76M","1.53%"
"11/14/2023","10,857.10","10,791.50","10,902.87","10,786.84","263.19M","0.62%"
"11/13/2023","10,789.75","10,845.42","10,846.96","10,758.46","221.95M","-0.41%"
"11/12/2023","10,833.64","10,836.21","10,883.01","10,820.14","202.65M","-0.07%"
"11/09/2023","10,840.76","10,913.20","10,922.96","10,814.28","173.90M","-0.81%"
"11/08/2023","10,928.76","10,939.44","10,979.61","10,878.29","217.62M","-0.16%"
"11/07/2023","10,945.97","10,957.02","10,988.05","10,898.98","185.29M","-0.03%"
"11/06/2023","10,948.86","10,921.69","10,974.48","10,874.14","255.48M","0.09%"
"11/05/2023","10,938.95","10,916.26","10,950.12","10,877.09","181.59M","0.79%"
"11/02/2023","10,853.36","10,828.58","10,990.41","10,819.59","219.25M","0.36%"
"11/01/2023","10,814.89","10,700.25","10,866.87","10,601.45","274.55M","1.17%"
"10/31/2023","10,690.09","10,561.73","10,700.08","10,534.47","215.15M","1.46%"
"10/30/2023","10,535.87","10,501.03","10,626.53","10,500.25","171.95M","0.51%"
"10/29/2023","10,482.85","10,418.79","10,492.24","10,354.04","118.17M","0.71%"
"10/26/2023","10,408.94","10,471.06","10,499.72","10,395.83","156.16M","-0.91%"
"10/25/2023","10,504.76","10,422.38","10,504.76","10,368.56","187.24M","1.20%"
"10/24/2023","10,379.71","10,300.57","10,396.15","10,262.38","195.39M","0.84%"
"10/23/2023","10,293.19","10,482.94","10,552.44","10,293.19","212.84M","-1.93%"
"10/22/2023","10,496.16","10,637.32","10,643.99","10,494.46","150.80M","-1.49%"
"10/19/2023","10,654.56","10,708.81","10,737.17","10,621.85","144.51M","-0.56%"
"10/18/2023","10,714.06","10,729.80","10,784.32","10,687.15","197.82M","-0.16%"
"10/17/2023","10,731.40","10,626.48","10,774.04","10,614.05","207.96M","1.03%"
"10/16/2023","10,622.12","10,532.93","10,622.12","10,501.64","179.18M","0.75%"
"10/15/2023","10,542.86","10,585.75","10,588.53","10,510.57","153.21M","-0.41%"
"10/12/2023","10,586.22","10,566.42","10,600.89","10,466.77","284.44M","0.13%"
"10/11/2023","10,572.70","10,651.90","10,699.30","10,523.83","289.66M","-0.63%"
"10/10/2023","10,640.06","10,617.23","10,679.63","10,584.76","218.60M","0.61%"
"10/09/2023","10,575.34","10,578.62","10,651.19","10,532.51","193.33M","-0.20%"
"10/08/2023","10,596.02","10,759.23","10,770.48","10,576.22","201.08M","-1.57%"
"10/05/2023","10,764.85","10,848.32","10,851.36","10,760.05","151.16M","-0.70%"
"10/04/2023","10,840.27","10,932.98","10,935.77","10,826.64","323.10M","-1.02%"
"10/03/2023","10,952.34","10,998.77","11,007.12","10,943.54","166.33M","-0.49%"
"10/02/2023","11,005.94","11,028.99","11,101.45","11,005.94","170.81M","-0.31%"
"10/01/2023","11,040.17","11,078.23","11,079.89","11,026.12","143.24M","-0.14%"
"09/28/2023","11,055.96","11,103.35","11,146.29","11,049.96","181.09M","-0.19%"
"09/27/2023","11,076.94","10,922.09","11,076.94","10,905.01","204.64M","1.45%"
"09/26/2023","10,918.24","10,875.17","10,963.27","10,819.68","203.84M","0.37%"
"09/25/2023","10,877.94","10,931.24","11,004.31","10,877.94","190.12M","-0.65%"
"09/21/2023","10,949.42","11,090.14","11,090.59","10,946.03","166.03M","-1.01%"
"09/20/2023","11,061.50","11,081.77","11,082.01","11,026.16","182.55M","-0.08%"
"09/19/2023","11,070.77","11,029.28","11,082.83","10,992.25","186.12M","0.31%"
"09/18/2023","11,036.04","11,105.71","11,148.51","11,002.96","204.63M","-0.61%"
"09/17/2023","11,104.15","11,159.63","11,165.22","11,099.52","147.98M","-0.45%"
"09/14/2023","11,154.54","11,132.11","11,154.54","11,095.14","233.77M","0.29%"
"09/13/2023","11,122.23","11,131.30","11,158.20","11,086.66","235.28M","-0.31%"
"09/12/2023","11,156.26","11,240.60","11,246.57","11,121.83","233.92M","-0.70%"
"09/11/2023","11,235.14","11,161.47","11,235.14","11,132.75","231.71M","0.73%"
"09/10/2023","11,154.05","11,210.63","11,218.68","11,124.56","169.78M","-0.55%"
"09/07/2023","11,215.56","11,300.99","11,308.46","11,199.70","209.02M","-0.73%"
"09/06/2023","11,298.16","11,403.56","11,415.97","11,281.01","212.24M","-0.99%"
"09/05/2023","11,410.98","11,444.60","11,451.87","11,376.68","190.53M","-0.17%"
"09/04/2023","11,430.87","11,466.69","11,492.79","11,412.86","188.74M","-0.22%"
"09/03/2023","11,455.78","11,488.48","11,511.16","11,432.30","154.05M","-0.31%"
"08/31/2023","11,491.20","11,572.83","11,593.02","11,491.20","306.56M","-0.72%"
"08/30/2023","11,574.75","11,463.36","11,579.26","11,458.53","182.32M","1.16%"
"08/29/2023","11,442.56","11,477.15","11,488.45","11,415.75","169.12M","-0.19%"
"08/28/2023","11,464.26","11,479.57","11,506.45","11,462.57","176.71M","-0.05%"
"08/27/2023","11,470.11","11,424.48","11,487.37","11,424.48","163.65M","0.57%"
"08/24/2023","11,405.30","11,395.98","11,446.52","11,392.41","227.28M","0.34%"
"08/23/2023","11,367.07","11,382.23","11,450.17","11,367.07","201.16M","-0.09%"
"08/22/2023","11,377.55","11,394.61","11,432.89","11,364.84","181.34M","-0.27%"
"08/21/2023","11,408.45","11,529.64","11,536.68","11,408.45","213.73M","-0.81%"
"08/20/2023","11,501.42","11,454.35","11,514.75","11,449.95","151.14M","0.44%"
"08/17/2023","11,451.31","11,375.92","11,467.59","11,352.73","232.39M","0.51%"
"08/16/2023","11,392.76","11,391.10","11,488.14","11,348.87","194.43M","-0.18%"
"08/15/2023","11,412.88","11,491.45","11,494.68","11,398.59","198.07M","-0.70%"
"08/14/2023","11,493.82","11,532.96","11,549.50","11,474.66","232.35M","-0.45%"
"08/13/2023","11,546.15","11,440.07","11,554.34","11,439.11","231.68M","1.07%"
"08/10/2023","11,424.12","11,283.49","11,450.77","11,283.49","215.99M","1.22%"
"08/09/2023","11,286.21","11,263.98","11,310.35","11,194.20","246.17M","0.37%"
"08/08/2023","11,244.27","11,302.31","11,379.04","11,244.27","219.91M","-0.25%"
"08/07/2023","11,271.94","11,350.83","11,425.45","11,235.15","271.44M","-0.70%"
"08/06/2023","11,351.48","11,408.39","11,437.72","11,344.44","168.55M","-0.21%"
"08/03/2023","11,375.78","11,441.86","11,496.28","11,375.78","257.94M","-0.89%"
"08/02/2023","11,478.28","11,610.17","11,613.71","11,472.53","204.56M","-1.36%"
"08/01/2023","11,636.07","11,674.88","11,707.21","11,602.01","212.81M","-0.48%"
"07/31/2023","11,692.23","11,786.50","11,786.50","11,640.15","215.81M","-0.82%"
"07/30/2023","11,789.28","11,854.55","11,869.09","11,763.21","173.09M","-0.49%"
"07/27/2023","11,847.72","11,894.32","11,933.68","11,847.72","234.06M","-0.49%"
"07/26/2023","11,906.13","11,892.58","11,917.29","11,848.73","251.32M","0.20%"
"07/25/2023","11,882.68","11,842.11","11,896.87","11,834.82","243.22M","0.68%"
"07/24/2023","11,801.90","11,761.42","11,819.51","11,740.82","273.00M","0.35%"
"07/23/2023","11,760.30","11,757.07","11,773.25","11,715.77","167.71M","0.04%"
"07/20/2023","11,755.94","11,767.83","11,775.56","11,723.65","245.37M","0.03%"
"07/19/2023","11,752.63","11,768.50","11,786.26","11,733.82","254.02M","-0.14%"
"07/18/2023","11,768.71","11,794.96","11,826.34","11,726.76","326.49M","-0.10%"
"07/17/2023","11,780.27","11,713.39","11,784.99","11,671.15","273.98M","0.55%"
"07/16/2023","11,715.50","11,733.20","11,754.37","11,694.07","275.38M","0.07%"
"07/13/2023","11,707.87","11,740.65","11,750.37","11,695.62","410.12M","-0.16%"
"07/12/2023","11,727.19","11,685.53","11,758.79","11,678.72","443.51M","0.54%"
"07/11/2023","11,664.50","11,604.16","11,673.27","11,603.25","354.98M","0.67%"
"07/10/2023","11,586.93","11,594.38","11,624.22","11,565.82","474.24M","-0.19%"
"07/09/2023","11,609.35","11,590.76","11,618.03","11,557.67","317.88M","0.10%"
"07/06/2023","11,597.91","11,596.00","11,598.61","11,553.97","281.86M","0.05%"
"07/05/2023","11,591.55","11,615.91","11,637.41","11,568.00","292.73M","-0.23%"
"07/04/2023","11,618.72","11,557.80","11,618.72","11,552.60","247.29M","0.64%"
"07/03/2023","11,545.13","11,508.35","11,545.13","11,463.83","265.70M","0.45%"
"07/02/2023","11,493.91","11,491.76","11,522.87","11,481.73","181.42M","0.30%"
"06/22/2023","11,458.98","11,462.14","11,493.91","11,445.24","235.14M","-0.06%"
"06/21/2023","11,466.17","11,428.09","11,466.17","11,411.60","193.64M","0.30%"
"06/20/2023","11,431.37","11,395.46","11,431.37","11,354.88","233.73M","0.08%"
"06/19/2023","11,421.70","11,501.61","11,510.20","11,388.33","303.05M","-0.83%"
"06/18/2023","11,516.89","11,535.36","11,572.89","11,511.30","449.97M","0.01%"
"06/15/2023","11,516.14","11,541.34","11,572.41","11,491.06","586.98M","-0.15%"
"06/14/2023","11,533.03","11,430.53","11,542.33","11,427.76","282.84M","1.04%"
"06/13/2023","11,413.82","11,421.12","11,464.85","11,412.32","241.71M","-0.08%"
"06/12/2023","11,423.13","11,400.27","11,424.78","11,345.11","196.50M","0.24%"
"06/11/2023","11,396.13","11,393.02","11,440.25","11,388.51","167.52M","-0.01%"
"06/08/2023","11,397.14","11,379.25","11,397.14","11,336.20","188.36M","0.21%"
"06/07/2023","11,372.83","11,340.23","11,378.77","11,327.60","180.78M","0.49%"
"06/06/2023","11,316.87","11,300.94","11,316.87","11,267.85","190.67M","0.21%"
"06/05/2023","11,293.59","11,235.44","11,340.35","11,229.62","182.01M","0.64%"
"06/04/2023","11,221.96","11,092.83","11,221.96","11,087.33","140.62M","1.88%"
"06/01/2023","11,014.95","11,034.48","11,085.70","11,014.95","174.95M","0.01%"
"05/31/2023","11,014.13","11,119.84","11,122.66","10,987.02","341.61M","-1.13%"
"05/30/2023","11,139.98","11,156.09","11,202.99","11,139.98","150.88M","0.04%"
"05/29/2023","11,135.67","11,139.42","11,171.28","11,121.54","157.16M","-0.02%"
"05/28/2023","11,138.05","11,196.04","11,223.34","11,133.63","158.58M","-0.42%"
"05/25/2023","11,184.57","11,226.72","11,230.67","11,181.47","168.45M","-0.46%"
"05/24/2023","11,236.27","11,271.28","11,275.05","11,184.94","176.23M","-0.35%"
"05/23/2023","11,275.77","11,333.80","11,343.13","11,275.77","215.42M","-0.47%"
"05/22/2023","11,329.19","11,334.22","11,345.02","11,296.94","212.04M","-0.11%"
"05/21/2023","11,341.82","11,351.36","11,368.28","11,315.06","167.42M","-0.02%"
"05/18/2023","11,344.40","11,295.08","11,358.14","11,295.08","216.86M","0.59%"
"05/17/2023","11,277.60","11,201.61","11,277.60","11,187.16","204.38M","0.64%"
"05/16/2023","11,206.02","11,263.20","11,315.13","11,147.86","241.45M","-0.22%"
"05/15/2023","11,230.20","11,347.47","11,354.88","11,230.20","220.77M","-1.04%"
"05/14/2023","11,348.43","11,442.06","11,450.50","11,346.44","154.36M","-0.39%"
"05/11/2023","11,392.78","11,297.87","11,396.27","11,268.13","224.26M","0.88%"
"05/10/2023","11,293.18","11,299.05","11,301.87","11,233.60","222.21M","-0.11%"
"05/09/2023","11,305.28","11,390.38","11,390.83","11,261.33","244.52M","0.43%"
"05/08/2023","11,256.39","11,256.76","11,299.79","11,220.53","209.48M","0.00%"
"05/07/2023","11,256.65","11,164.61","11,259.82","11,164.14","184.64M","1.24%"
"05/04/2023","11,118.77","11,026.46","11,118.77","10,999.59","175.74M","0.41%"
"05/03/2023","11,073.17","11,144.78","11,159.39","11,039.16","231.53M","-1.30%"
"05/02/2023","11,218.61","11,283.74","11,302.74","11,170.34","190.54M","-0.59%"
"05/01/2023","11,285.61","11,316.03","11,325.87","11,245.44","202.26M","-0.20%"
"04/30/2023","11,307.77","11,301.38","11,350.25","11,300.97","174.62M","0.32%"
"04/27/2023","11,271.19","11,278.24","11,291.61","11,238.49","208.17M","-0.32%"
"04/26/2023","11,307.22","11,264.05","11,330.66","11,216.92","245.94M","0.37%"
"04/25/2023","11,265.11","11,178.70","11,265.11","11,141.90","214.60M","0.91%"
"04/17/2023","11,163.57","11,029.07","11,163.57","11,028.00","178.16M","1.19%"
"04/16/2023","11,032.57","10,979.61","11,040.01","10,968.75","158.58M","0.62%"
"04/13/2023","10,964.67","10,942.87","10,989.77","10,909.46","164.73M","0.27%"
"04/12/2023","10,935.39","10,844.24","10,935.39","10,843.81","153.98M","0.80%"
"04/11/2023","10,849.05","10,895.20","10,905.33","10,816.16","168.09M","-0.52%"
"04/10/2023","10,905.48","10,973.43","10,977.44","10,894.90","207.74M","-0.55%"
"04/09/2023","10,965.78","10,917.50","10,987.93","10,916.98","211.57M","0.55%"
"04/06/2023","10,906.15","10,902.35","10,923.27","10,860.69","170.88M","-0.13%"
"04/05/2023","10,920.63","10,965.86","10,967.63","10,879.73","202.51M","-0.26%"
"04/04/2023","10,948.60","10,835.69","10,948.60","10,832.57","232.17M","1.31%"
"04/03/2023","10,806.89","10,701.03","10,806.89","10,698.96","229.55M","1.60%"
"04/02/2023","10,636.62","10,616.35","10,690.02","10,616.35","178.34M","0.44%"
"03/30/2023","10,590.10","10,515.75","10,590.10","10,508.92","218.78M","0.83%"
"03/29/2023","10,503.18","10,472.89","10,503.18","10,452.21","250.91M","0.34%"
"03/28/2023","10,468.08","10,486.67","10,531.23","10,416.11","232.03M","0.04%"
"03/27/2023","10,463.61","10,456.91","10,533.96","10,440.12","231.41M","0.04%"
"03/26/2023","10,459.36","10,441.30","10,476.42","10,426.40","122.20M","0.12%"
"03/23/2023","10,446.39","10,334.83","10,446.39","10,302.20","128.34M","0.93%"
"03/22/2023","10,350.51","10,352.94","10,422.76","10,334.43","154.46M","-0.09%"
"03/21/2023","10,359.74","10,242.22","10,371.36","10,242.22","157.68M","1.39%"
"03/20/2023","10,218.12","10,122.74","10,218.12","10,098.31","178.87M","0.59%"
"03/19/2023","10,157.73","10,012.86","10,163.67","10,008.38","118.01M","1.82%"
"03/16/2023","9,976.65","10,042.63","10,083.09","9,932.88","231.18M","-0.72%"
"03/15/2023","10,048.50","10,233.13","10,264.80","10,046.44","197.78M","-1.55%"
"03/14/2023","10,207.17","10,284.01","10,326.55","10,207.17","146.52M","-0.95%"
"03/13/2023","10,305.09","10,414.66","10,462.89","10,305.09","169.01M","-0.76%"
"03/12/2023","10,383.82","10,432.13","10,451.80","10,358.73","134.43M","-0.76%"
"03/09/2023","10,463.18","10,411.87","10,513.45","10,400.59","142.86M","0.51%"
"03/08/2023","10,410.21","10,420.07","10,420.67","10,327.50","148.27M","-0.60%"
"03/07/2023","10,473.32","10,453.39","10,533.84","10,446.96","175.92M","0.24%"
"03/06/2023","10,447.96","10,420.87","10,447.96","10,397.60","168.03M","0.35%"
"03/05/2023","10,411.26","10,345.82","10,411.26","10,335.24","114.10M","1.30%"
"03/02/2023","10,277.76","10,238.71","10,330.82","10,235.08","171.39M","0.84%"
"03/01/2023","10,192.26","10,123.27","10,216.23","10,094.52","168.64M","0.89%"
"02/28/2023","10,102.70","9,984.81","10,118.75","9,930.86","237.06M","1.08%"
"02/27/2023","9,994.79","10,052.85","10,065.96","9,963.58","161.14M","-0.57%"
"02/26/2023","10,051.78","10,155.83","10,172.19","10,040.30","105.78M","-1.00%"
"02/23/2023","10,153.30","10,234.86","10,234.88","10,148.96","136.90M","-1.13%"
"02/21/2023","10,269.73","10,370.43","10,370.97","10,235.06","117.77M","-0.98%"
"02/20/2023","10,370.97","10,488.20","10,492.90","10,366.55","127.44M","-1.16%"
"02/19/2023","10,493.17","10,551.30","10,551.30","10,471.90","124.90M","-0.52%"
"02/16/2023","10,548.45","10,572.30","10,589.80","10,547.23","165.95M","-0.23%"
"02/15/2023","10,573.05","10,454.13","10,573.05","10,451.41","157.98M","0.73%"
"02/14/2023","10,496.59","10,538.78","10,559.69","10,476.09","128.42M","-0.22%"
"02/13/2023","10,519.74","10,426.57","10,531.47","10,426.50","190.53M","0.96%"
"02/12/2023","10,419.44","10,406.52","10,438.16","10,364.16","143.63M","0.07%"
"02/09/2023","10,412.16","10,518.05","10,518.44","10,391.88","117.33M","-0.91%"
"02/08/2023","10,507.72","10,476.45","10,520.33","10,443.40","157.42M","0.37%"
"02/07/2023","10,469.50","10,589.01","10,596.27","10,468.10","164.70M","-0.82%"
"02/06/2023","10,555.71","10,543.08","10,566.57","10,451.33","175.42M","-0.03%"
"02/05/2023","10,558.58","10,681.17","10,682.30","10,526.78","213.30M","-1.34%"
"02/02/2023","10,701.79","10,757.05","10,768.91","10,650.08","172.36M","-0.76%"
"02/01/2023","10,783.73","10,788.79","10,800.14","10,739.82","132.31M","-0.08%"
"01/31/2023","10,792.85","10,795.96","10,795.96","10,717.30","147.58M","-0.16%"
"01/30/2023","10,810.68","10,839.91","10,842.75","10,719.79","164.07M","-0.27%"
"01/29/2023","10,839.49","10,855.91","10,858.34","10,809.91","117.35M","0.16%"
"01/26/2023","10,821.65","10,814.05","10,837.61","10,774.61","125.94M","0.12%"
"01/25/2023","10,809.15","10,795.57","10,822.72","10,735.78","144.17M","0.13%"
"01/24/2023","10,795.60","10,767.71","10,813.86","10,767.26","115.47M","0.28%"
"01/23/2023","10,765.77","10,727.44","10,765.77","10,692.95","128.01M","0.38%"
"01/22/2023","10,724.62","10,716.73","10,748.39","10,701.53","98.28M","0.40%"
"01/19/2023","10,682.01","10,609.01","10,686.76","10,579.26","101.07M","0.17%"
"01/18/2023","10,664.04","10,674.17","10,713.80","10,644.76","127.83M","-0.18%"
"01/17/2023","10,682.90","10,718.15","10,722.02","10,610.79","171.14M","-0.42%"
"01/16/2023","10,728.45","10,720.03","10,744.82","10,681.74","146.25M","0.01%"
"01/15/2023","10,726.87","10,762.94","10,808.50","10,721.11","141.86M","-0.16%"
"01/12/2023","10,744.22","10,630.62","10,744.22","10,624.32","186.39M","1.19%"
"01/11/2023","10,617.49","10,644.36","10,676.64","10,602.18","213.75M","-0.16%"
"01/10/2023","10,634.06","10,659.39","10,660.37","10,595.52","143.99M","-0.12%"
"01/09/2023","10,647.18","10,545.86","10,647.18","10,541.08","136.63M","1.05%"
"01/08/2023","10,536.91","10,544.66","10,580.12","10,517.23","109.73M","0.05%"
"01/05/2023","10,531.83","10,530.43","10,531.83","10,441.64","176.45M","0.00%"
"01/04/2023","10,531.90","10,644.61","10,697.71","10,514.09","242.42M","-1.21%"
"01/03/2023","10,660.94","10,584.96","10,667.08","10,581.35","144.95M","0.78%"
"01/02/2023","10,578.34","10,556.56","10,588.96","10,515.82","149.28M","0.30%"
"01/01/2023","10,546.67","10,505.57","10,565.61","10,500.21","77.06M","0.65%"
"12/29/2022","10,478.46","10,482.07","10,542.65","10,447.63","115.00M","-0.07%"
"12/28/2022","10,485.29","10,355.50","10,485.29","10,321.74","134.96M","1.22%"
"12/27/2022","10,359.26","10,236.61","10,392.35","10,210.44","104.45M","1.28%"
"12/26/2022","10,228.64","10,239.11","10,254.25","10,220.33","85.57M","-0.06%"
"12/25/2022","10,234.52","10,230.96","10,255.63","10,208.77","79.76M","0.18%"
"12/22/2022","10,215.79","10,297.28","10,315.30","10,215.79","100.38M","-0.60%"
"12/21/2022","10,276.94","10,298.12","10,323.38","10,248.62","137.82M","-0.03%"
"12/20/2022","10,280.15","10,159.91","10,280.15","10,051.08","136.79M","0.92%"
"12/19/2022","10,186.18","10,265.17","10,267.41","10,128.14","163.85M","-0.64%"
"12/18/2022","10,251.68","10,268.56","10,316.61","10,233.96","117.49M","-0.38%"
"12/15/2022","10,290.42","10,232.49","10,294.65","10,181.92","231.70M","0.41%"
"12/14/2022","10,248.12","10,289.82","10,386.11","10,204.87","347.94M","0.26%"
"12/13/2022","10,221.14","10,077.88","10,303.60","10,067.47","534.38M","1.87%"
"12/12/2022","10,033.19","10,168.17","10,168.17","9,950.17","642.15M","-1.04%"
"12/11/2022","10,138.31","10,263.99","10,326.44","10,122.00","84.26M","-1.06%"
"12/08/2022","10,246.61","10,209.21","10,308.63","10,089.12","113.40M","0.60%"
"12/07/2022","10,185.14","10,443.52","10,466.64","10,185.14","115.30M","-2.48%"
"12/06/2022","10,444.27","10,405.83","10,444.27","10,265.63","133.30M","0.24%"
"12/05/2022","10,419.15","10,735.57","10,737.98","10,419.15","116.63M","-2.84%"
"12/04/2022","10,723.95","10,853.78","10,858.66","10,722.67","85.62M","-0.91%"
"12/01/2022","10,822.65","10,928.97","10,957.64","10,822.65","123.16M","-0.68%"
"11/30/2022","10,896.91","10,749.86","10,896.91","10,683.47","169.56M","1.35%"
"11/29/2022","10,752.01","10,761.95","10,826.90","10,718.84","109.81M","0.05%"
"11/28/2022","10,746.64","10,683.82","10,837.48","10,577.76","111.18M","-0.46%"
"11/27/2022","10,796.46","10,935.48","10,936.52","10,744.86","74.79M","-1.30%"
"11/24/2022","10,938.75","10,944.69","10,946.02","10,799.57","143.59M","-0.24%"
"11/22/2022","10,965.41","10,921.21","10,965.41","10,835.61","80.08M","0.32%"
"11/21/2022","10,930.51","11,034.36","11,034.49","10,876.84","101.73M","-1.11%"
"11/20/2022","11,053.16","11,139.72","11,142.82","11,022.83","86.42M","-0.80%"
"11/17/2022","11,142.02","11,163.32","11,169.03","11,093.85","107.52M","-0.08%"
"11/16/2022","11,151.24","11,074.91","11,151.24","10,975.50","130.45M","0.49%"
"11/15/2022","11,096.58","11,213.53","11,217.22","11,046.88","121.44M","-0.90%"
"11/14/2022","11,197.46","11,234.05","11,246.90","11,093.38","139.30M","-0.44%"
"11/13/2022","11,246.93","11,346.94","11,365.56","11,238.83","119.83M","0.31%"
"11/10/2022","11,211.70","11,369.53","11,369.67","11,178.78","129.15M","-1.71%"
"11/09/2022","11,407.18","11,467.88","11,467.92","11,358.87","120.03M","-0.69%"
"11/08/2022","11,486.53","11,592.06","11,597.28","11,430.04","146.35M","-0.97%"
"11/07/2022","11,598.76","11,516.69","11,598.76","11,440.62","142.68M","0.67%"
"11/06/2022","11,521.28","11,560.72","11,609.42","11,508.44","113.71M","0.72%"
"11/03/2022","11,439.19","11,463.48","11,506.05","11,411.80","138.93M","-0.79%"
"11/02/2022","11,530.29","11,500.32","11,553.70","11,333.38","198.72M","0.00%"
"11/01/2022","11,530.44","11,677.03","11,681.08","11,462.96","182.17M","-1.18%"
"10/31/2022","11,667.80","11,647.78","11,667.80","11,549.39","145.61M","0.30%"
"10/30/2022","11,632.33","11,728.53","11,773.87","11,630.79","104.02M","-0.66%"
"10/27/2022","11,709.50","11,781.16","11,839.83","11,703.20","187.31M","-0.76%"
"10/26/2022","11,798.77","11,983.52","12,004.85","11,732.10","160.38M","-1.46%"
"10/25/2022","11,973.86","12,080.05","12,099.60","11,909.36","164.79M","-0.84%"
"10/24/2022","12,075.27","11,979.28","12,075.27","11,927.81","147.92M","0.57%"
"10/23/2022","12,006.59","12,035.59","12,076.04","11,989.53","129.98M","0.36%"
"10/20/2022","11,963.68","11,801.39","11,963.68","11,798.35","140.54M","1.43%"
"10/19/2022","11,795.10","11,814.28","11,851.16","11,769.38","130.25M","-0.13%"
"10/18/2022","11,809.95","11,624.66","11,809.95","11,623.61","148.25M","2.11%"
"10/17/2022","11,566.38","11,421.96","11,591.61","11,416.30","111.56M","1.41%"
"10/16/2022","11,405.88","11,440.18","11,467.87","11,331.23","98.77M","-0.14%"
"10/13/2022","11,421.78","11,548.12","11,564.52","11,421.78","112.89M","-1.12%"
"10/12/2022","11,551.34","11,533.00","11,590.21","11,502.62","143.75M","0.32%"
"10/11/2022","11,514.26","11,542.79","11,560.08","11,456.51","124.15M","-0.14%"
"10/10/2022","11,530.37","11,554.00","11,628.74","11,471.89","139.85M","-0.31%"
"10/09/2022","11,566.45","11,758.44","11,769.26","11,555.15","115.45M","-1.63%"
"10/06/2022","11,757.79","11,802.63","11,824.22","11,747.23","135.22M","-0.11%"
"10/05/2022","11,770.32","11,862.97","11,880.52","11,709.64","186.50M","-0.09%"
"10/04/2022","11,780.41","11,711.15","11,785.91","11,679.16","195.96M","1.49%"
"10/03/2022","11,607.96","11,544.69","11,647.41","11,533.94","184.54M","1.05%"
"10/02/2022","11,487.07","11,420.66","11,530.18","11,325.68","148.68M","0.72%"
"09/29/2022","11,405.32","11,253.33","11,411.35","11,252.80","172.24M","2.11%"
"09/28/2022","11,170.08","11,121.36","11,241.11","11,032.52","165.84M","1.39%"
"09/27/2022","11,017.38","10,981.28","11,085.96","10,932.34","161.14M","0.99%"
"09/26/2022","10,909.18","11,113.68","11,193.42","10,909.18","172.34M","-2.26%"
"09/25/2022","11,161.38","11,201.19","11,218.09","11,121.94","128.31M","-2.62%"
"09/21/2022","11,461.09","11,498.37","11,543.42","11,402.57","118.14M","-0.37%"
"09/20/2022","11,503.60","11,523.93","11,615.45","11,503.60","126.95M","0.50%"
"09/19/2022","11,446.33","11,545.32","11,602.22","11,404.06","125.00M","-1.09%"
"09/18/2022","11,572.18","11,807.59","11,814.84","11,554.56","137.87M","-2.18%"
"09/15/2022","11,829.54","11,920.15","12,016.12","11,829.54","162.48M","-0.54%"
"09/14/2022","11,893.27","11,871.41","11,987.71","11,846.15","121.83M","-1.58%"
"09/13/2022","12,084.45","12,035.45","12,089.66","11,985.36","137.01M","0.52%"
"09/12/2022","12,022.12","11,956.63","12,022.12","11,930.63","112.07M","0.68%"
"09/11/2022","11,940.36","11,951.03","12,014.60","11,935.42","121.24M","0.90%"
"09/08/2022","11,834.26","11,886.51","11,927.63","11,748.50","126.52M","-0.25%"
"09/07/2022","11,863.81","11,983.86","12,034.21","11,862.13","131.75M","-1.09%"
"09/06/2022","11,994.72","12,115.74","12,169.16","11,994.72","135.14M","-0.87%"
"09/05/2022","12,099.84","12,185.20","12,227.59","12,099.84","115.34M","-0.77%"
"09/04/2022","12,194.29","12,107.74","12,225.87","12,073.12","112.38M","0.43%"
"09/01/2022","12,142.65","12,253.13","12,283.70","12,116.14","162.61M","-1.15%"
"08/31/2022","12,283.33","12,431.98","12,453.18","12,273.49","192.38M","-1.38%"
"08/30/2022","12,455.65","12,561.10","12,594.61","12,455.65","144.90M","-0.60%"
"08/29/2022","12,530.66","12,534.53","12,597.63","12,516.97","161.93M","0.04%"
"08/28/2022","12,526.11","12,475.16","12,574.22","12,459.79","137.74M","-0.52%"
"08/25/2022","12,591.74","12,480.55","12,591.74","12,473.61","135.27M","1.19%"
"08/24/2022","12,443.77","12,420.43","12,450.54","12,347.32","153.84M","0.19%"
"08/23/2022","12,420.77","12,541.38","12,616.13","12,420.77","156.64M","-1.11%"
"08/22/2022","12,560.48","12,537.27","12,606.40","12,503.03","138.14M","0.05%"
"08/21/2022","12,554.50","12,626.98","12,644.37","12,549.02","129.65M","-0.53%"
"08/18/2022","12,621.73","12,659.95","12,714.56","12,621.73","186.36M","-0.20%"
"08/17/2022","12,646.74","12,554.49","12,652.44","12,550.12","182.26M","0.81%"
"08/16/2022","12,545.14","12,542.15","12,574.52","12,506.80","214.89M","0.01%"
"08/15/2022","12,543.77","12,512.98","12,543.77","12,454.21","192.54M","0.23%"
"08/14/2022","12,514.37","12,548.38","12,568.17","12,497.17","223.68M","-0.13%"
"08/11/2022","12,530.76","12,471.84","12,538.32","12,469.15","213.74M","0.80%"
"08/10/2022","12,431.45","12,346.11","12,431.45","12,314.86","178.84M","0.82%"
"08/09/2022","12,329.99","12,314.47","12,344.08","12,277.38","167.98M","0.27%"
"08/08/2022","12,297.29","12,230.02","12,324.90","12,226.74","156.64M","0.66%"
"08/07/2022","12,216.84","12,314.08","12,315.97","12,201.49","147.51M","-0.61%"
"08/04/2022","12,291.54","12,292.72","12,329.22","12,243.41","183.52M","0.00%"
"08/03/2022","12,291.93","12,290.30","12,299.24","12,202.37","200.01M","-0.15%"
"08/02/2022","12,310.63","12,334.02","12,334.47","12,221.21","210.26M","-0.23%"
"08/01/2022","12,338.95","12,236.73","12,338.95","12,197.35","209.35M","1.15%"
"07/31/2022","12,199.08","12,225.31","12,268.51","12,186.20","177.79M","0.36%"
"07/28/2022","12,155.02","12,122.98","12,195.68","12,111.81","316.77M","0.85%"
"07/27/2022","12,052.18","12,004.92","12,097.62","11,984.31","138.65M","0.74%"
"07/26/2022","11,964.21","11,912.85","11,977.68","11,886.08","164.32M","0.76%"
"07/25/2022","11,874.22","11,961.79","11,962.15","11,858.52","163.76M","-0.84%"
"07/24/2022","11,975.14","11,982.09","12,052.90","11,955.54","152.86M","-0.11%"
"07/21/2022","11,987.97","11,930.99","11,987.97","11,834.92","166.68M","1.04%"
"07/20/2022","11,864.34","11,810.10","11,995.29","11,780.48","217.39M","0.88%"
"07/19/2022","11,761.35","11,582.51","11,761.41","11,530.60","190.99M","1.79%"
"07/18/2022","11,555.08","11,297.43","11,555.08","11,296.62","163.24M","2.33%"
"07/17/2022","11,292.41","11,308.20","11,365.45","11,239.13","107.28M","1.16%"
"07/14/2022","11,163.02","11,280.09","11,316.89","11,096.74","121.22M","-1.12%"
"07/13/2022","11,289.75","11,418.81","11,531.08","11,289.75","135.37M","-1.11%"
"07/06/2022","11,416.54","11,261.91","11,420.19","11,223.69","144.20M","0.63%"
"07/05/2022","11,344.57","11,361.22","11,413.45","11,311.12","143.36M","-0.12%"
"07/04/2022","11,358.40","11,466.33","11,480.42","11,294.91","136.34M","-0.93%"
"07/03/2022","11,464.98","11,590.31","11,609.93","11,451.60","124.21M","-0.51%"
"06/30/2022","11,523.25","11,740.17","11,756.30","11,523.25","177.87M","-1.74%"
"06/29/2022","11,727.19","11,654.86","11,783.99","11,618.80","167.17M","0.48%"
"06/28/2022","11,671.15","11,425.50","11,671.15","11,380.67","149.62M","2.13%"
"06/27/2022","11,427.26","11,573.04","11,588.53","11,406.07","189.52M","-0.74%"
"06/26/2022","11,513.01","11,515.18","11,566.69","11,480.31","155.31M","1.79%"
"06/23/2022","11,310.67","11,348.21","11,379.04","11,229.55","143.59M","-0.08%"
"06/22/2022","11,319.88","11,641.56","11,641.56","11,319.88","219.79M","-2.91%"
"06/21/2022","11,659.64","11,441.71","11,683.32","11,439.61","173.78M","2.62%"
"06/20/2022","11,361.53","11,298.97","11,456.11","11,217.91","155.67M","0.55%"
"06/19/2022","11,299.18","11,668.14","11,676.39","11,299.18","178.91M","-4.44%"
"06/16/2022","11,824.42","12,029.14","12,116.94","11,809.80","219.61M","-1.29%"
"06/15/2022","11,978.51","12,036.02","12,131.74","11,978.23","184.15M","-0.35%"
"06/14/2022","12,020.68","12,038.42","12,114.78","11,708.78","231.21M","-0.27%"
"06/13/2022","12,053.44","12,278.52","12,286.19","11,983.30","209.74M","-2.18%"
"06/12/2022","12,322.35","12,530.66","12,530.66","12,322.35","173.57M","-2.23%"
"06/09/2022","12,603.89","12,597.60","12,612.74","12,497.45","151.19M","0.06%"
"06/08/2022","12,596.30","12,690.72","12,748.90","12,584.27","141.34M","-0.52%"
"06/07/2022","12,662.75","12,832.04","12,838.83","12,651.31","152.06M","-1.24%"
"06/06/2022","12,821.96","12,679.49","12,851.70","12,677.87","180.13M","1.31%"
"06/05/2022","12,656.05","12,610.21","12,673.84","12,557.52","138.08M","0.40%"
"06/02/2022","12,605.01","12,766.20","12,768.96","12,605.01","178.89M","-1.26%"
"06/01/2022","12,766.47","12,911.45","12,912.92","12,766.47","182.27M","-1.20%"
"05/31/2022","12,921.74","12,967.78","13,034.50","12,806.05","386.64M","0.11%"
"05/30/2022","12,907.17","12,711.77","12,922.64","12,710.41","226.70M","1.72%"
"05/29/2022","12,689.01","12,633.85","12,717.13","12,633.84","151.47M","1.27%"
"05/26/2022","12,530.34","12,655.70","12,730.14","12,472.88","167.92M","-0.47%"
"05/25/2022","12,588.89","12,333.28","12,631.44","12,325.13","184.34M","2.34%"
"05/24/2022","12,300.86","12,251.21","12,355.23","12,199.50","157.93M","0.53%"
"05/23/2022","12,235.91","12,386.10","12,456.70","12,178.51","178.94M","-0.80%"
"05/22/2022","12,334.94","12,536.22","12,539.70","12,243.78","784.68M","-0.75%"
"05/19/2022","12,427.96","12,484.90","12,545.06","12,349.28","191.15M","-2.25%"
"05/18/2022","12,713.38","12,750.69","12,919.26","12,700.72","190.60M","0.19%"
"05/17/2022","12,689.87","12,937.48","12,953.89","12,575.65","204.80M","-1.74%"
"05/16/2022","12,914.89","13,229.41","13,286.34","12,914.46","174.71M","-1.78%"
"05/15/2022","13,149.29","13,017.07","13,211.58","12,895.88","141.54M","2.45%"
"05/12/2022","12,835.30","13,391.49","13,393.00","12,835.30","209.81M","-4.06%"
"05/11/2022","13,379.08","13,493.01","13,595.40","13,377.69","164.50M","-0.96%"
"05/10/2022","13,509.31","13,760.97","13,769.05","13,462.51","184.89M","-2.21%"
"05/09/2022","13,814.85","13,853.06","13,949.13","13,812.63","223.50M","-0.04%"
"05/08/2022","13,820.35","13,790.83","13,832.79","13,747.77","140.10M","0.63%"
"04/28/2022","13,733.87","13,708.73","13,765.70","13,652.95","151.72M","0.66%"
"04/27/2022","13,643.91","13,533.74","13,675.74","13,515.75","149.65M","1.04%"
"04/26/2022","13,503.49","13,585.58","13,635.76","13,417.10","158.46M","-0.29%"
"04/25/2022","13,543.25","13,451.11","13,543.25","13,371.16","181.60M","0.60%"
"04/24/2022","13,463.09","13,491.86","13,504.82","13,388.65","124.07M","-0.53%"
"04/21/2022","13,534.40","13,680.54","13,701.93","13,534.40","181.37M","-0.98%"
"04/20/2022","13,668.54","13,552.67","13,672.81","13,483.54","182.21M","1.21%"
"04/19/2022","13,505.57","13,752.12","13,783.56","13,505.57","180.24M","-1.66%"
"04/18/2022","13,733.14","13,670.20","13,742.25","13,658.11","158.34M","0.37%"
"04/17/2022","13,682.39","13,644.85","13,707.66","13,584.07","174.21M","0.45%"
"04/14/2022","13,621.08","13,540.10","13,621.08","13,436.45","201.09M","0.60%"
"04/13/2022","13,540.27","13,648.97","13,680.02","13,509.50","240.23M","-0.78%"
"04/12/2022","13,646.12","13,500.72","13,646.12","13,489.47","241.92M","1.21%"
"04/11/2022","13,483.23","13,412.30","13,511.52","13,399.67","217.59M","0.66%"
"04/10/2022","13,395.46","13,350.90","13,422.59","13,342.83","169.83M","0.61%"
"04/07/2022","13,313.98","13,250.63","13,328.23","13,231.17","183.62M","0.44%"
"04/06/2022","13,255.96","13,198.42","13,271.95","13,167.81","285.12M","0.37%"
"04/05/2022","13,206.88","13,189.72","13,226.12","13,159.79","214.40M","0.32%"
"04/04/2022","13,165.34","13,087.63","13,165.34","13,057.01","183.40M","0.63%"
"04/03/2022","13,082.76","13,132.42","13,147.97","13,063.52","116.98M","-0.06%"
"03/31/2022","13,090.40","13,029.14","13,090.40","12,981.91","209.38M","0.40%"
"03/30/2022","13,038.22","13,096.78","13,101.06","12,992.27","216.18M","-0.48%"
"03/29/2022","13,101.36","13,065.16","13,114.89","13,039.64","235.20M","0.29%"
"03/28/2022","13,064.11","12,999.81","13,064.11","12,972.88","207.25M","0.50%"
"03/27/2022","12,999.73","12,916.10","13,000.10","12,901.30","198.57M","0.40%"
"03/24/2022","12,948.37","12,957.36","12,968.15","12,914.05","171.14M","0.03%"
"03/23/2022","12,944.16","12,875.40","12,944.16","12,862.60","158.20M","0.49%"
"03/22/2022","12,881.45","12,851.03","12,881.45","12,791.69","170.74M","0.39%"
"03/21/2022","12,831.69","12,905.55","12,959.96","12,828.81","211.83M","-0.34%"
"03/20/2022","12,875.80","12,836.39","12,919.40","12,808.40","188.05M","0.83%"
"03/17/2022","12,769.21","12,719.76","12,831.80","12,674.05","345.68M","0.89%"
"03/16/2022","12,656.23","12,459.80","12,656.23","12,447.71","264.40M","2.00%"
"03/15/2022","12,407.60","12,458.87","12,484.80","12,390.65","156.49M","-0.68%"
"03/14/2022","12,492.14","12,626.18","12,637.09","12,479.24","194.10M","-0.90%"
"03/13/2022","12,605.40","12,725.43","12,771.51","12,605.18","209.29M","-0.62%"
"03/10/2022","12,684.16","12,734.64","12,791.74","12,641.33","203.09M","-0.43%"
"03/09/2022","12,738.59","12,864.11","12,928.00","12,738.59","229.46M","-0.88%"
"03/08/2022","12,851.22","12,795.88","12,879.39","12,718.20","262.21M","0.34%"
"03/07/2022","12,808.03","12,858.59","12,881.92","12,684.33","285.82M","0.03%"
"03/06/2022","12,804.22","12,841.83","12,862.68","12,798.76","276.19M","0.38%"
"03/03/2022","12,756.31","12,724.96","12,781.46","12,694.91","303.81M","0.80%"
"03/02/2022","12,654.65","12,700.03","12,750.16","12,607.46","277.67M","-0.16%"
"03/01/2022","12,674.34","12,594.70","12,748.00","12,583.64","266.79M","0.67%"
"02/28/2022","12,590.26","12,415.16","12,590.26","12,344.40","264.76M","1.39%"
"02/27/2022","12,417.56","12,497.38","12,570.31","12,400.58","235.88M","0.98%"
"02/24/2022","12,297.62","12,269.27","12,368.38","12,190.37","384.61M","-1.84%"
"02/23/2022","12,527.63","12,521.36","12,591.46","12,470.81","254.69M","-0.27%"
"02/21/2022","12,561.60","12,475.23","12,640.81","12,475.23","295.94M","0.79%"
"02/20/2022","12,463.17","12,530.44","12,616.61","12,463.17","228.18M","-0.11%"
"02/17/2022","12,476.54","12,519.46","12,519.46","12,428.35","218.85M","-0.15%"
"02/16/2022","12,495.22","12,362.75","12,511.58","12,344.33","243.45M","1.17%"
"02/15/2022","12,350.64","12,187.51","12,358.17","12,160.46","191.51M","1.20%"
"02/14/2022","12,204.58","12,020.46","12,204.58","11,967.50","190.16M","1.46%"
"02/13/2022","12,029.04","12,182.54","12,184.89","11,910.47","225.16M","-1.95%"
"02/10/2022","12,268.71","12,203.52","12,268.71","12,174.29","153.95M","0.52%"
"02/09/2022","12,205.47","12,240.40","12,245.35","12,168.84","142.07M","-0.17%"
"02/08/2022","12,225.88","12,258.41","12,274.94","12,181.75","154.87M","-0.19%"
"02/07/2022","12,249.19","12,224.49","12,258.12","12,194.88","173.94M","0.37%"
"02/06/2022","12,204.45","12,179.84","12,214.97","12,109.64","147.30M","0.51%"
"02/03/2022","12,142.38","12,178.04","12,219.24","12,142.38","135.17M","-0.41%"
"02/02/2022","12,192.61","12,287.44","12,316.26","12,192.61","166.19M","-0.82%"
"02/01/2022","12,293.38","12,310.14","12,348.66","12,246.28","189.84M","0.18%"
"01/31/2022","12,271.84","12,269.92","12,359.97","12,269.92","229.53M","0.10%"
"01/30/2022","12,259.25","12,218.81","12,274.80","12,218.18","197.41M","0.66%"
"01/27/2022","12,179.32","12,156.23","12,195.82","12,147.34","162.82M","-0.03%"
"01/26/2022","12,182.51","12,119.35","12,222.39","12,093.53","134.01M","0.61%"
"01/25/2022","12,108.56","12,051.95","12,108.56","11,976.56","117.98M","0.33%"
"01/24/2022","12,068.43","12,127.11","12,174.81","12,031.45","109.81M","-0.59%"
"01/23/2022","12,139.83","12,276.16","12,276.18","12,113.09","130.94M","-1.23%"
"01/20/2022","12,290.96","12,274.27","12,291.05","12,218.30","150.86M","0.25%"
"01/19/2022","12,260.13","12,186.30","12,260.13","12,135.34","170.34M","0.54%"
"01/18/2022","12,193.75","12,174.52","12,260.34","12,166.10","209.76M","0.23%"
"01/17/2022","12,165.84","12,137.57","12,165.84","12,048.81","192.86M","0.46%"
"01/16/2022","12,110.15","12,107.24","12,209.54","12,045.49","229.04M","0.26%"
"01/13/2022","12,079.01","11,965.23","12,079.01","11,946.97","197.93M","1.02%"
"01/12/2022","11,957.08","11,845.46","11,957.08","11,819.39","193.83M","0.96%"
"01/11/2022","11,843.55","11,675.81","11,843.55","11,641.70","185.96M","1.53%"
"01/10/2022","11,664.83","11,577.00","11,664.83","11,576.23","204.54M","0.90%"
"01/09/2022","11,560.47","11,452.98","11,560.47","11,451.54","172.46M","1.14%"
"01/06/2022","11,430.51","11,427.73","11,468.52","11,371.71","142.59M","-0.20%"
"01/05/2022","11,453.08","11,358.58","11,453.08","11,358.58","139.97M","0.85%"
"01/04/2022","11,356.80","11,351.62","11,380.51","11,317.46","134.43M","0.26%"
"01/03/2022","11,327.52","11,320.25","11,407.66","11,264.42","188.43M","-0.04%"
"01/02/2022","11,331.91","11,280.35","11,345.86","11,257.02","129.75M","0.44%"
"12/30/2021","11,281.71","11,199.56","11,281.71","11,167.14","132.21M","0.73%"
"12/29/2021","11,199.84","11,312.10","11,343.72","11,144.98","224.48M","-1.02%"
"12/28/2021","11,315.32","11,193.93","11,315.32","11,193.48","144.98M","1.38%"
"12/27/2021","11,161.04","11,156.28","11,175.85","11,086.96","138.68M","-0.07%"
"12/26/2021","11,168.30","11,272.55","11,298.18","11,158.05","113.81M","-0.92%"
"12/23/2021","11,271.46","11,215.58","11,286.67","11,198.62","128.64M","0.60%"
"12/22/2021","11,204.43","11,287.75","11,336.45","11,181.22","165.94M","-0.50%"
"12/21/2021","11,261.28","11,175.15","11,261.28","11,170.57","142.76M","0.81%"
"12/20/2021","11,170.48","11,121.06","11,171.23","11,036.30","188.17M","0.09%"
"12/19/2021","11,160.24","11,241.41","11,267.37","11,150.93","176.44M","-1.34%"
"12/16/2021","11,311.89","11,200.75","11,365.33","11,199.77","255.18M","1.51%"
"12/15/2021","11,143.38","11,027.02","11,149.93","11,012.06","187.55M","1.08%"
"12/14/2021","11,024.68","11,035.48","11,058.95","10,975.46","182.35M","0.04%"
"12/13/2021","11,019.86","11,030.37","11,096.91","11,019.86","232.27M","0.46%"
"12/12/2021","10,969.06","10,916.08","10,974.35","10,880.00","305.58M","0.28%"
"12/09/2021","10,938.88","11,007.53","11,049.19","10,892.58","174.79M","-0.48%"
"12/08/2021","10,991.80","11,130.97","11,132.34","10,991.80","218.19M","-1.05%"
"12/07/2021","11,108.20","11,125.08","11,149.13","11,081.64","208.86M","0.79%"
"12/06/2021","11,021.07","11,196.72","11,278.37","11,021.07","236.30M","-1.09%"
"12/05/2021","11,142.47","10,926.06","11,142.47","10,925.08","189.52M","2.39%"
"12/02/2021","10,882.79","10,838.11","10,914.82","10,796.27","139.64M","0.30%"
"12/01/2021","10,849.96","10,809.19","10,866.98","10,753.02","184.74M","0.82%"
"11/30/2021","10,761.80","10,789.10","10,789.82","10,599.73","289.15M","-0.45%"
"11/29/2021","10,810.60","10,870.62","10,986.56","10,779.79","189.95M","0.21%"
"11/28/2021","10,787.79","10,668.40","10,952.01","10,668.40","223.13M","-4.53%"
"11/25/2021","11,299.45","11,368.18","11,472.35","11,299.45","140.07M","-0.62%"
"11/24/2021","11,369.38","11,328.02","11,425.49","11,281.56","150.24M","1.00%"
"11/23/2021","11,256.52","11,127.25","11,302.18","11,036.61","184.89M","0.76%"
"11/22/2021","11,171.76","11,457.98","11,514.12","11,149.32","206.07M","-2.74%"
"11/21/2021","11,485.94","11,640.63","11,641.56","11,417.58","161.49M","-1.92%"
"11/18/2021","11,710.45","11,814.19","11,839.30","11,700.78","144.06M","-1.04%"
"11/17/2021","11,833.54","11,805.93","11,850.57","11,778.88","143.33M","0.05%"
"11/16/2021","11,827.48","11,839.63","11,859.67","11,752.43","159.59M","-0.08%"
"11/15/2021","11,836.58","11,903.08","11,920.15","11,836.58","170.20M","-0.64%"
"11/14/2021","11,913.05","11,928.49","11,936.00","11,883.74","115.99M","0.12%"
"11/11/2021","11,898.94","11,855.57","11,914.13","11,841.94","131.89M","0.35%"
"11/10/2021","11,857.51","11,751.22","11,863.19","11,741.23","151.15M","0.89%"
"11/09/2021","11,753.18","11,856.67","11,872.28","11,753.18","181.47M","-0.79%"
"11/08/2021","11,846.53","11,849.82","11,912.44","11,794.09","191.61M","0.04%"
"11/07/2021","11,841.60","11,785.15","11,843.27","11,755.86","140.86M","0.76%"
"11/04/2021","11,752.23","11,674.99","11,752.23","11,636.34","130.22M","0.57%"
"11/03/2021","11,685.66","11,750.75","11,758.64","11,627.38","156.97M","-0.57%"
"11/02/2021","11,752.12","11,726.19","11,789.21","11,724.45","130.70M","0.25%"
"11/01/2021","11,722.95","11,708.62","11,759.74","11,695.97","129.59M","0.16%"
"10/31/2021","11,704.14","11,757.16","11,807.27","11,699.36","153.68M","-0.47%"
"10/28/2021","11,758.82","11,745.50","11,783.00","11,671.08","185.91M","-0.41%"
"10/27/2021","11,807.79","11,851.68","11,886.26","11,779.29","174.45M","-0.33%"
"10/26/2021","11,846.69","11,890.40","11,922.07","11,846.69","156.85M","-0.36%"
"10/25/2021","11,889.84","11,845.93","11,898.66","11,783.48","178.92M","0.35%"
"10/24/2021","11,848.05","11,950.65","11,954.88","11,832.90","221.43M","-0.77%"
"10/21/2021","11,939.58","11,919.29","11,939.58","11,877.53","202.42M","0.30%"
"10/20/2021","11,903.74","11,822.56","11,903.74","11,810.26","189.75M","0.94%"
"10/19/2021","11,792.54","11,781.66","11,836.30","11,744.66","198.61M","0.29%"
"10/18/2021","11,758.02","11,759.13","11,774.78","11,707.94","193.49M","-0.13%"
"10/17/2021","11,773.36","11,748.27","11,782.79","11,741.11","218.21M","0.63%"
"10/14/2021","11,699.11","11,641.39","11,699.11","11,636.99","194.66M","0.64%"
"10/13/2021","11,624.98","11,539.14","11,624.98","11,531.96","172.52M","0.71%"
"10/12/2021","11,542.88","11,559.14","11,568.89","11,485.92","213.59M","0.27%"
"10/11/2021","11,512.11","11,571.51","11,590.24","11,330.63","261.10M","-0.47%"
"10/10/2021","11,566.02","11,602.39","11,675.48","11,502.08","205.60M","-0.22%"
"10/07/2021","11,591.33","11,585.34","11,629.35","11,544.45","167.67M","0.17%"
"10/06/2021","11,571.88","11,577.36","11,654.98","11,538.45","219.52M","0.14%"
"10/05/2021","11,555.53","11,471.08","11,573.13","11,470.70","198.93M","0.77%"
"10/04/2021","11,466.91","11,448.40","11,514.99","11,421.53","198.02M","0.12%"
"10/03/2021","11,453.25","11,494.11","11,497.74","11,428.09","182.58M","-0.37%"
"09/30/2021","11,495.76","11,388.12","11,495.76","11,379.61","181.90M","0.98%"
"09/29/2021","11,383.65","11,363.01","11,390.53","11,331.35","181.26M","0.01%"
"09/28/2021","11,382.41","11,383.72","11,444.20","11,355.83","263.19M","0.12%"
"09/27/2021","11,369.09","11,366.55","11,391.32","11,333.48","238.15M","0.14%"
"09/26/2021","11,352.86","11,342.94","11,370.83","11,323.12","169.40M","0.73%"
"09/22/2021","11,270.57","11,311.15","11,345.43","11,270.57","140.81M","-0.40%"
"09/21/2021","11,315.81","11,284.49","11,354.53","11,239.29","176.89M","-0.11%"
"09/20/2021","11,328.33","11,370.58","11,372.66","11,293.66","183.13M","-0.61%"
"09/19/2021","11,397.84","11,424.20","11,434.98","11,371.22","184.05M","-0.21%"
"09/16/2021","11,422.11","11,409.92","11,435.57","11,378.08","223.09M","0.10%"
"09/15/2021","11,410.98","11,382.46","11,414.58","11,358.61","176.40M","0.33%"
"09/14/2021","11,373.18","11,394.42","11,418.70","11,357.22","180.28M","-0.12%"
"09/13/2021","11,386.38","11,343.27","11,386.38","11,294.72","182.78M","0.38%"
"09/12/2021","11,342.85","11,424.40","11,428.09","11,325.60","159.47M","-0.66%"
"09/09/2021","11,417.79","11,446.05","11,450.78","11,397.65","181.57M","-0.33%"
"09/08/2021","11,455.65","11,425.54","11,455.65","11,408.30","174.31M","0.36%"
"09/07/2021","11,414.34","11,416.58","11,458.68","11,402.92","192.92M","0.06%"
"09/06/2021","11,407.91","11,336.74","11,407.91","11,332.93","195.90M","0.64%"
"09/05/2021","11,335.92","11,324.38","11,346.87","11,315.71","192.65M","0.14%"
"09/02/2021","11,319.87","11,300.76","11,324.09","11,285.01","175.08M","0.08%"
"09/01/2021","11,310.54","11,315.66","11,327.88","11,292.74","166.58M","-0.08%"
"08/31/2021","11,319.24","11,253.82","11,319.24","11,251.63","224.83M","0.57%"
"08/30/2021","11,255.05","11,195.48","11,255.05","11,169.83","153.93M","0.67%"
"08/29/2021","11,180.19","11,141.95","11,180.19","11,138.77","138.49M","0.46%"
"08/26/2021","11,128.59","11,169.27","11,169.54","11,104.03","118.04M","-0.25%"
"08/25/2021","11,156.63","11,153.24","11,183.11","11,103.23","139.78M","0.14%"
"08/24/2021","11,141.03","11,092.11","11,141.03","11,057.57","133.77M","0.71%"
"08/23/2021","11,062.99","11,090.76","11,179.24","11,032.67","160.58M","-0.12%"
"08/22/2021","11,076.55","11,191.11","11,213.56","11,049.05","150.36M","-1.12%"
"08/19/2021","11,201.64","11,305.12","11,305.22","11,164.89","196.94M","-1.26%"
"08/18/2021","11,344.94","11,391.31","11,402.65","11,308.31","143.80M","-0.42%"
"08/17/2021","11,392.83","11,310.09","11,392.83","11,270.85","167.30M","0.63%"
"08/16/2021","11,321.85","11,341.49","11,384.89","11,312.08","171.47M","-0.26%"
"08/15/2021","11,351.63","11,314.71","11,354.22","11,295.43","165.02M","0.25%"
"08/12/2021","11,323.70","11,326.86","11,391.58","11,270.50","220.67M","-0.01%"
"08/11/2021","11,325.10","11,299.41","11,348.66","11,292.19","206.42M","0.22%"
"08/10/2021","11,299.87","11,200.80","11,299.87","11,198.33","189.87M","0.91%"
"08/09/2021","11,197.97","11,215.37","11,225.30","11,174.61","225.56M","-0.15%"
"08/08/2021","11,215.33","11,202.59","11,235.41","11,191.77","205.47M","0.05%"
"08/05/2021","11,209.42","11,155.34","11,209.42","11,066.77","213.78M","0.42%"
"08/04/2021","11,162.38","11,206.21","11,210.54","11,128.71","207.79M","-0.41%"
"08/03/2021","11,208.76","11,151.66","11,208.76","11,123.50","247.57M","0.46%"
"08/02/2021","11,157.02","11,091.66","11,157.02","11,091.66","265.06M","0.81%"
"08/01/2021","11,066.93","11,041.85","11,100.03","11,033.71","252.17M","0.49%"
"07/29/2021","11,012.71","10,939.51","11,012.71","10,921.11","208.60M","0.72%"
"07/28/2021","10,933.73","10,911.05","10,948.81","10,905.02","205.67M","0.16%"
"07/27/2021","10,916.67","10,899.75","10,927.70","10,887.34","223.38M","0.17%"
"07/26/2021","10,897.87","10,920.55","10,923.11","10,841.99","223.77M","0.20%"
"07/25/2021","10,876.36","10,867.22","10,955.97","10,867.22","216.68M","0.76%"
"07/15/2021","10,794.51","10,792.03","10,873.82","10,782.74","236.23M","0.15%"
"07/14/2021","10,778.07","10,734.27","10,802.04","10,721.09","199.00M","0.39%"
"07/13/2021","10,735.85","10,707.60","10,767.84","10,690.68","192.04M","0.35%"
"07/12/2021","10,698.54","10,670.05","10,766.35","10,589.38","245.17M","0.10%"
"07/11/2021","10,688.34","10,871.24","10,883.32","10,659.12","248.87M","-1.26%"
"07/08/2021","10,825.01","10,946.67","10,946.78","10,814.90","304.56M","-1.22%"
"07/07/2021","10,958.55","10,953.35","10,967.35","10,904.90","277.04M","-0.12%"
"07/06/2021","10,971.21","11,002.77","11,020.99","10,971.21","285.68M","-0.27%"
"07/05/2021","11,001.03","11,031.33","11,043.25","10,955.75","381.63M","-0.28%"
"07/04/2021","11,031.73","10,993.75","11,063.86","10,993.59","364.68M","0.48%"
"07/01/2021","10,979.05","10,987.13","11,006.66","10,968.11","352.20M","-0.05%"
"06/30/2021","10,984.15","11,002.74","11,009.70","10,940.44","374.66M","-0.11%"
"06/29/2021","10,996.38","10,963.93","10,996.38","10,934.73","366.37M","0.36%"
"06/28/2021","10,957.07","10,981.20","10,985.79","10,939.69","373.94M","-0.09%"
"06/27/2021","10,966.71","10,926.64","10,990.14","10,925.30","429.81M","0.43%"
"06/24/2021","10,919.68","10,913.06","10,932.73","10,895.66","390.34M","0.23%"
"06/23/2021","10,894.20","10,922.57","10,935.89","10,881.28","474.87M","0.02%"
"06/22/2021","10,891.64","10,874.08","10,916.90","10,873.95","345.73M","0.30%"
"06/21/2021","10,859.18","10,777.96","10,872.90","10,745.92","328.09M","0.63%"
"06/20/2021","10,790.75","10,858.15","10,863.73","10,770.63","342.02M","-0.57%"
"06/17/2021","10,853.12","10,862.49","10,894.61","10,847.31","419.03M","-0.03%"
"06/16/2021","10,855.95","10,848.73","10,870.13","10,811.08","264.27M","0.23%"
"06/15/2021","10,831.38","10,918.19","10,932.82","10,816.73","370.35M","-0.75%"
"06/14/2021","10,913.56","10,908.89","10,989.61","10,844.63","426.15M","0.15%"
"06/13/2021","10,897.47","10,825.72","10,903.42","10,816.87","382.23M","0.94%"
"06/10/2021","10,796.33","10,796.99","10,839.24","10,780.47","387.08M","0.06%"
"06/09/2021","10,790.24","10,749.78","10,790.24","10,746.95","431.16M","0.51%"
"06/08/2021","10,735.39","10,719.30","10,753.71","10,599.15","512.09M","0.14%"
"06/07/2021","10,719.85","10,689.92","10,719.85","10,681.94","418.63M","0.32%"
"06/06/2021","10,685.45","10,705.47","10,743.26","10,676.95","441.91M","-0.12%"
"06/03/2021","10,698.30","10,657.78","10,700.84","10,648.23","412.52M","0.39%"
"06/02/2021","10,656.81","10,617.28","10,680.20","10,610.29","267.44M","0.56%"
"06/01/2021","10,597.42","10,560.85","10,644.34","10,552.67","499.94M","0.44%"
"05/31/2021","10,551.23","10,561.46","10,569.50","10,514.97","464.24M","0.03%"
"05/30/2021","10,547.67","10,529.76","10,571.98","10,519.24","408.59M","0.27%"
"05/27/2021","10,519.52","10,472.41","10,519.52","10,461.53","382.97M","0.46%"
"05/26/2021","10,471.55","10,452.61","10,490.16","10,447.57","302.15M","0.23%"
"05/25/2021","10,448.00","10,332.21","10,448.00","10,331.98","319.70M","1.25%"
"05/24/2021","10,318.51","10,349.07","10,375.53","10,318.51","382.71M","-0.25%"
"05/23/2021","10,343.86","10,352.67","10,367.67","10,307.83","356.68M","0.04%"
"05/20/2021","10,339.85","10,369.58","10,381.15","10,313.11","297.88M","-0.32%"
"05/19/2021","10,372.54","10,427.04","10,431.19","10,360.29","263.02M","-0.49%"
"05/18/2021","10,423.51","10,424.23","10,492.97","10,401.38","317.84M","0.26%"
"05/17/2021","10,396.44","10,332.98","10,413.19","10,318.47","298.20M","0.71%"
"05/10/2021","10,322.68","10,235.72","10,322.68","10,233.15","222.05M","0.92%"
"05/09/2021","10,228.19","10,244.86","10,273.28","10,209.91","172.40M","0.00%"
"05/06/2021","10,228.35","10,254.88","10,258.27","10,170.53","245.64M","-0.23%"
"05/05/2021","10,252.15","10,324.70","10,332.38","10,252.15","241.25M","-0.65%"
"05/04/2021","10,318.94","10,320.96","10,354.03","10,253.32","238.91M","0.09%"
"05/03/2021","10,309.37","10,381.40","10,386.34","10,309.37","270.27M","-0.54%"
"05/02/2021","10,365.51","10,406.06","10,416.48","10,330.72","321.05M","-0.51%"
"04/29/2021","10,418.98","10,493.64","10,503.33","10,382.49","356.29M","-1.07%"
"04/28/2021","10,531.22","10,328.49","10,540.17","10,308.60","457.40M","2.57%"
"04/27/2021","10,267.17","10,226.35","10,267.17","10,205.03","359.50M","0.35%"
"04/26/2021","10,231.06","10,155.11","10,231.06","10,139.97","309.56M","0.87%"
"04/25/2021","10,142.48","10,139.08","10,173.30","10,128.99","275.14M","0.08%"
"04/22/2021","10,134.08","10,109.59","10,136.66","10,092.22","260.56M","0.38%"
"04/21/2021","10,095.36","10,127.94","10,142.16","10,095.36","251.78M","-0.21%"
"04/20/2021","10,116.98","10,097.01","10,125.57","10,086.86","345.98M","0.19%"
"04/19/2021","10,097.65","10,062.16","10,097.65","10,007.38","338.52M","0.49%"
"04/18/2021","10,048.70","10,009.61","10,065.05","10,006.10","237.44M","0.61%"
"04/15/2021","9,987.92","9,863.29","9,987.92","9,862.29","225.51M","1.42%"
"04/14/2021","9,847.62","9,820.03","9,847.62","9,767.01","202.95M","0.09%"
"04/13/2021","9,838.28","9,911.53","9,922.00","9,838.28","254.23M","-0.70%"
"04/12/2021","9,907.62","9,927.02","9,929.65","9,846.57","285.60M","-0.31%"
"04/11/2021","9,938.32","10,010.59","10,015.76","9,921.27","302.39M","-0.74%"
"04/08/2021","10,012.13","10,011.35","10,039.23","9,977.15","282.44M","-0.02%"
"04/07/2021","10,014.30","9,992.51","10,030.35","9,979.16","336.29M","0.25%"
"04/06/2021","9,988.98","9,965.18","9,995.84","9,958.93","396.76M","0.24%"
"04/05/2021","9,964.84","9,969.51","9,984.14","9,939.60","364.40M","0.02%"
"04/04/2021","9,962.77","9,891.10","9,986.16","9,862.77","373.20M","0.68%"
"04/01/2021","9,895.56","9,908.07","9,938.50","9,869.47","328.30M","-0.12%"
"03/31/2021","9,907.82","9,810.52","9,909.64","9,762.37","507.95M","2.83%"
"03/30/2021","9,635.34","9,610.66","9,635.34","9,592.28","355.30M","0.20%"
"03/29/2021","9,615.63","9,496.36","9,615.63","9,492.07","314.74M","1.40%"
"03/28/2021","9,482.95","9,438.60","9,508.20","9,422.91","252.81M","0.69%"
"03/25/2021","9,417.71","9,463.52","9,495.43","9,417.71","253.31M","-0.49%"
"03/24/2021","9,464.08","9,462.58","9,498.71","9,430.66","290.92M","-0.27%"
"03/23/2021","9,489.63","9,546.12","9,571.88","9,489.63","376.55M","-0.61%"
"03/22/2021","9,547.42","9,500.56","9,565.69","9,466.84","344.72M","0.51%"
"03/21/2021","9,498.85","9,462.19","9,508.42","9,454.25","289.28M","0.14%"
"03/18/2021","9,485.96","9,604.45","9,624.14","9,485.96","355.78M","-1.21%"
"03/17/2021","9,602.26","9,666.49","9,673.57","9,566.66","472.28M","-0.60%"
"03/16/2021","9,660.27","9,640.31","9,698.68","9,619.71","727.29M","0.15%"
"03/15/2021","9,645.74","9,678.50","9,678.70","9,610.72","508.45M","-0.20%"
"03/14/2021","9,664.61","9,611.32","9,666.58","9,611.32","450.29M","0.80%"
"03/11/2021","9,587.79","9,605.62","9,639.88","9,549.62","455.91M","-0.08%"
"03/10/2021","9,595.45","9,486.59","9,617.31","9,486.09","536.31M","1.29%"
"03/09/2021","9,473.20","9,381.64","9,487.65","9,380.74","571.87M","1.05%"
"03/08/2021","9,374.37","9,353.07","9,397.17","9,320.35","582.33M","0.25%"
"03/07/2021","9,351.08","9,320.56","9,375.35","9,320.19","572.99M","1.18%"
"03/04/2021","9,242.28","9,311.16","9,311.92","9,242.28","507.27M","-0.73%"
"03/03/2021","9,310.28","9,267.84","9,314.75","9,257.27","531.20M","0.67%"
"03/02/2021","9,248.28","9,159.46","9,266.99","9,158.98","570.40M","1.20%"
"03/01/2021","9,138.37","9,161.80","9,222.98","9,132.03","497.68M","-0.07%"
"02/28/2021","9,144.99","9,115.61","9,198.65","9,099.14","408.62M","-0.54%"
"02/25/2021","9,194.92","9,161.60","9,263.16","9,161.14","449.56M","0.87%"
"02/24/2021","9,115.76","9,166.81","9,217.03","9,078.54","545.87M","-0.39%"
"02/23/2021","9,151.71","9,096.86","9,177.91","9,095.43","465.77M","0.82%"
"02/22/2021","9,077.62","9,090.13","9,114.01","9,064.02","382.52M","-0.09%"
"02/21/2021","9,085.97","9,067.92","9,108.32","9,061.80","313.22M","0.68%"
"02/18/2021","9,024.23","9,084.31","9,118.23","9,024.23","382.32M","-0.66%"
"02/17/2021","9,084.31","9,101.96","9,134.41","9,058.28","489.11M","-0.19%"
"02/16/2021","9,101.96","9,081.78","9,117.63","9,027.34","480.10M","0.22%"
"02/15/2021","9,081.78","9,035.53","9,142.21","9,054.76","386.14M","0.51%"
"02/14/2021","9,035.53","8,943.85","9,047.70","8,956.49","324.15M","1.03%"
"02/11/2021","8,943.85","8,901.63","8,943.85","8,891.48","292.08M","0.47%"
"02/10/2021","8,901.63","8,892.92","8,972.26","8,889.92","304.66M","0.10%"
"02/09/2021","8,892.92","8,809.34","8,918.16","8,825.72","313.30M","0.95%"
"02/08/2021","8,809.34","8,687.93","8,822.20","8,692.74","276.19M","1.40%"
"02/07/2021","8,687.93","8,617.87","8,719.62","8,619.72","200.02M","0.81%"
"02/04/2021","8,617.87","8,542.55","8,626.29","8,464.47","233.52M","0.88%"
"02/03/2021","8,542.55","8,618.57","8,622.71","8,542.55","230.93M","-0.88%"
"02/02/2021","8,618.57","8,648.43","8,714.79","8,611.06","206.58M","-0.35%"
"02/01/2021","8,648.43","8,702.55","8,755.98","8,648.43","218.64M","-0.62%"
"01/31/2021","8,702.55","8,807.02","8,781.46","8,677.51","251.18M","-1.19%"
"01/28/2021","8,807.02","8,784.12","8,816.76","8,739.40","177.80M","0.26%"
"01/27/2021","8,784.12","8,789.87","8,820.48","8,784.12","142.29M","-0.07%"
"01/26/2021","8,789.87","8,846.95","8,844.73","8,789.87","160.05M","-0.65%"
"01/25/2021","8,846.95","8,829.52","8,872.71","8,837.69","169.00M","0.20%"
"01/24/2021","8,829.52","8,876.49","8,886.02","8,819.56","188.99M","-0.53%"
"01/21/2021","8,876.49","8,878.30","8,909.86","8,876.49","183.09M","-0.02%"
"01/20/2021","8,878.30","8,901.87","8,916.39","8,878.30","206.20M","-0.26%"
"01/19/2021","8,901.87","8,931.29","8,955.44","8,901.87","229.89M","-0.33%"
"01/18/2021","8,931.29","8,874.90","8,931.29","8,853.89","332.27M","0.64%"
"01/17/2021","8,874.90","8,898.68","8,901.48","8,866.66","242.17M","-0.27%"
"01/14/2021","8,898.68","8,914.29","8,912.78","8,873.42","222.48M","-0.18%"
"01/13/2021","8,914.29","8,884.46","8,914.29","8,880.91","257.00M","0.34%"
"01/12/2021","8,884.46","8,869.47","8,884.46","8,854.34","221.95M","0.17%"
"01/11/2021","8,869.47","8,817.05","8,869.47","8,804.26","301.60M","0.59%"
"01/10/2021","8,817.05","8,737.20","8,841.22","8,768.89","280.20M","0.91%"
"01/07/2021","8,737.20","8,670.80","8,737.20","8,659.60","256.25M","0.77%"
"01/06/2021","8,670.80","8,682.11","8,692.90","8,664.94","198.22M","-0.13%"
"01/05/2021","8,682.11","8,667.66","8,695.23","8,632.67","220.96M","0.17%"
"01/04/2021","8,667.66","8,612.82","8,670.77","8,621.55","245.61M","0.64%"
"01/03/2021","8,612.82","8,689.53","8,698.34","8,600.56","264.78M","-0.88%"
"12/31/2020","8,689.53","8,760.08","8,755.49","8,689.53","210.65M","-0.81%"
"12/30/2020","8,760.08","8,746.76","8,760.08","8,718.17","247.09M","0.15%"
"12/29/2020","8,746.76","8,715.38","8,746.76","8,692.25","282.54M","0.36%"
"12/28/2020","8,715.38","8,740.66","8,750.53","8,709.62","326.68M","-0.29%"
"12/27/2020","8,740.66","8,702.68","8,751.97","8,707.61","396.77M","0.44%"
"12/24/2020","8,702.68","8,720.67","8,733.10","8,678.80","365.22M","-0.21%"
"12/23/2020","8,720.67","8,680.45","8,730.70","8,648.44","367.34M","0.46%"
"12/22/2020","8,680.45","8,538.68","8,680.45","8,527.39","349.39M","1.66%"
"12/21/2020","8,538.68","8,686.89","8,585.99","8,464.32","482.15M","-1.71%"
"12/20/2020","8,686.89","8,711.58","8,761.84","8,684.42","365.92M","-0.28%"
"12/17/2020","8,711.58","8,721.18","8,765.80","8,711.58","424.72M","-0.11%"
"12/16/2020","8,721.18","8,659.37","8,721.18","8,673.84","372.83M","0.71%"
"12/15/2020","8,659.37","8,660.31","8,699.62","8,649.13","347.10M","-0.01%"
"12/14/2020","8,660.31","8,644.47","8,660.31","8,632.52","315.50M","0.18%"
"12/13/2020","8,644.47","8,643.97","8,680.98","8,633.77","321.96M","0.01%"
"12/10/2020","8,643.97","8,660.21","8,667.98","8,637.23","338.73M","-0.19%"
"12/09/2020","8,660.21","8,612.13","8,663.86","8,613.57","367.76M","0.56%"
"12/08/2020","8,612.13","8,633.38","8,636.37","8,584.49","391.85M","-0.25%"
"12/07/2020","8,633.38","8,581.68","8,633.38","8,536.92","369.44M","0.60%"
"12/06/2020","8,581.68","8,674.97","8,703.33","8,580.92","376.34M","-1.08%"
"12/03/2020","8,674.97","8,694.13","8,691.96","8,638.27","352.91M","-0.22%"
"12/02/2020","8,694.13","8,722.12","8,720.33","8,658.75","357.24M","-0.32%"
"12/01/2020","8,722.12","8,747.09","8,731.36","8,692.59","649.87M","-0.29%"
"11/30/2020","8,747.09","8,708.59","8,747.09","8,660.72","505.90M","0.44%"
"11/29/2020","8,708.59","8,693.47","8,730.54","8,694.84","444.73M","0.17%"
"11/26/2020","8,693.47","8,628.06","8,693.47","8,608.45","487.46M","0.05%"
"11/25/2020","8,688.76","8,636.14","8,721.45","8,667.60","533.91M","0.61%"
"11/24/2020","8,636.14","8,610.84","8,675.36","8,618.84","496.53M","0.29%"
"11/23/2020","8,610.84","8,588.17","8,623.69","8,547.51","483.85M","0.26%"
"11/22/2020","8,588.17","8,578.42","8,629.18","8,580.83","452.25M","0.11%"
"11/19/2020","8,578.42","8,621.19","8,616.23","8,571.47","429.89M","-0.50%"
"11/18/2020","8,621.19","8,572.73","8,621.19","8,548.28","529.22M","0.57%"
"11/17/2020","8,572.73","8,526.64","8,582.48","8,534.19","551.70M","0.54%"
"11/16/2020","8,526.64","8,501.58","8,526.64","8,458.45","507.40M","0.29%"
"11/15/2020","8,501.58","8,434.90","8,507.67","8,454.27","456.27M","0.79%"
"11/12/2020","8,434.90","8,449.66","8,449.94","8,409.17","346.24M","-0.17%"
"11/11/2020","8,449.66","8,405.04","8,453.01","8,376.97","407.55M","0.53%"
"11/10/2020","8,405.04","8,366.46","8,510.68","8,326.01","618.92M","0.46%"
"11/09/2020","8,366.46","8,160.35","8,366.46","8,178.33","440.96M","2.53%"
"11/08/2020","8,160.35","8,089.15","8,160.35","8,065.27","287.36M","0.88%"
"11/05/2020","8,089.15","8,088.73","8,091.58","8,029.84","262.88M","0.01%"
"11/04/2020","8,088.73","7,998.59","8,118.73","8,046.48","319.79M","1.13%"
"11/03/2020","7,998.59","8,021.02","8,082.83","7,998.59","291.33M","-0.28%"
"11/02/2020","8,021.02","7,864.78","8,032.99","7,874.30","305.73M","1.99%"
"11/01/2020","7,864.78","7,907.72","7,920.53","7,842.69","229.68M","-0.54%"
"10/29/2020","7,907.72","8,123.05","8,039.41","7,907.72","356.35M","-2.65%"
"10/28/2020","8,123.05","8,198.90","8,223.60","8,113.19","319.83M","-0.93%"
"10/27/2020","8,198.90","8,155.31","8,198.90","8,101.02","318.75M","0.53%"
"10/26/2020","8,155.31","8,154.59","8,267.09","8,020.41","498.72M","0.01%"
"10/25/2020","8,154.59","8,505.18","8,487.49","8,154.59","364.10M","-4.12%"